CHROM	POS	BU04	BU1031	CW2212	CW2214	DN26	FC11	LI04	MI21	PZ29	VR14	WB13	WB20	WE2430	WE2431	BB10	BB13	CA14	CE29	DL23523	DL2524	FU14	GC30	MM27	NF24	NF30	SH2514	SH2515	VG21	VT27	VT29	WS04	WS05	
NC_041312.1	1499303	0/0	0/0	0/0	0/0	0/0	0/0	0/0	0/0	0/0	0/0	0/0	0/0	0/0	0/0	0/0	0/0	0/0	0/0	0/0	1|1	0/0	0/0	0/0	0/0	0/0	0/0	0/0	0/0	0/0	0/0	1/1	0/0
NC_041312.1	7734862	0/0	0/0	0/0	0/0	0/0	0/0	0/0	0/0	0/0	0/0	0/0	0/0	0/0	0/0	0/0	0/0	0/1	0/1	0/0	0/0	0/0	0/1	1/1	0/0	0/0	0/1	0/0	0/0	0/0	0/0	0/0	0/0
NC_041312.1	21686941	0/0	0/0	0/0	0/0	0/0	0/0	0/0	0/0	0/0	0/0	0/0	0/0	0/0	0/0	1|1	1|1	0/0	1|1	1|1	1|1	0/0	0|1	0/0	0/0	0/0	1|1	0|1	0|1	1|1	1|1	0|1	0|1
NC_041312.1	22991517	0/0	0/0	0/0	0/0	0/0	0/0	0/0	0/0	0/0	0/0	0/0	0/0	0/0	0/0	0|1	0|1	1|1	0/0	1/1	1|1	1/1	0/0	0/0	1|1	1|1	0|1	1|1	1|1	0/1	1/1	0/0	0|1
NC_041312.1	45466654	1/1	1/1	1/1	1/1	0/1	0/1	1/1	1/1	0|1	0|1	0/0	0/0	0/1	1/1	0/1	1/1	1/1	0/1	0/0	0/1	1/1	0/1	1/1	0/1	0/0	0/0	1/1	0/1	0/1	0/1	0/0	0/1
NC_041312.1	46815810	0/1	0/1	0/1	0/1	0/0	0/0	0/0	0/0	0/0	0/1	0/0	0/0	0/0	0/0	0/1	0/0	0|1	0/0	0/1	0/1	0/0	0/1	0/0	0/0	0/1	0/1	0/1	0/1	0/1	0/1	0/1	0/0
NC_041312.1	47048740	0/0	1/1	1/1	1/1	1/1	0/0	0/0	0/1	0/1	1/1	0/1	0/0	0/1	0/1	1/1	1/1	0/0	1/1	1/1	1/1	1/1	1/1	1/1	1/1	1/1	1/1	1/1	1/1	1|1	1/1	1/1	1/1
NC_041312.1	52226509	0/0	0/0	0/0	0/0	0/0	0/0	0/0	0/0	0/0	0/0	0/0	0/0	0/0	0/0	0/1	0/0	0/0	0/1	0/0	1/1	0/1	0/1	0/1	0/0	0/0	0/0	0/0	0/0	0/0	0/0	1/1	0/1
NC_041312.1	52539987	0/0	0/0	0/0	0/0	0/0	0/0	0/0	0/0	0/0	0/0	0/0	0/0	0/0	0/0	0/0	0/0	0/1	0/0	0/0	1/1	0/0	0/0	0/0	1/1	0/0	0/1	0/1	0/1	0/0	0/0	0/1	1/1
NC_041312.1	60476056	0/0	0/0	0/0	0/0	0/0	0/0	0/0	0/0	0/0	0/0	0/0	0/0	0/0	0/0	0/0	0/0	0/0	0/0	0/0	0/0	0/0	0/0	0/1	0/1	1/1	0/0	0/0	0/0	0/0	0/0	0/1	0/0
NC_041312.1	64008563	0/0	0/0	0/0	0/0	0/0	0/0	0/0	0/0	0/0	0/0	0/0	0/0	0/0	0/0	0/0	0/0	1/1	1/1	0/0	0/0	0/1	0/0	0/0	0/0	0/0	0/0	0/0	0/1	0/0	0/0	1/1	0/0
NC_041312.1	64008584	0/0	0/0	0/0	0/0	0/0	0/0	0/0	0/0	0/0	0/0	0/0	0/0	0/0	0/0	0/0	0/0	0/0	0/1	0/0	0/0	0/1	0/0	0/0	0/0	0/0	0/0	0/0	0/1	0/0	0/0	0/1	0/0
NC_041312.1	70070727	0/0	0/0	0/0	0/0	0/0	0/0	0/0	0/0	0/0	0/0	0/0	0/0	0/0	0/0	0/1	0|1	0/0	0/1	0/0	0/0	0/0	0/1	0/0	0/1	0/0	0/0	0/0	1/1	0/0	0/0	0/1	0/0
NC_041312.1	81223218	0/0	0/0	0/0	0/0	0/0	0/0	0/0	0/0	0/0	0/0	0/0	0/0	0/0	0/0	1/1	0/1	0|1	0/0	0/0	0/1	0|1	1|1	0/0	1/1	0|1	0/0	0/0	0/0	0/0	0/0	0|1	1|1
NC_041312.1	82132172	0/0	0/0	0/0	0/0	0/0	0/0	0/0	0/0	0/0	0/0	0/0	0/0	0/0	0/0	0/0	0|1	0/0	0/0	0/0	0/0	0/0	0/0	0/0	0/0	0/0	0/0	0/0	0|1	0|1	0|1	0/0	0/0
NC_041312.1	84348945	0/0	0/0	0/0	0/0	0/0	0/0	0/0	0/0	0/0	0/0	0/0	0/0	0/0	0/0	1/1	0/0	0/1	0/1	0/1	1/1	0/1	0/1	0/1	1/1	1/1	1/1	0/1	0/1	1/1	1/1	0/1	1/1
NC_041312.1	84986776	0/1	0/1	0/0	0/0	0/0	0/0	0/0	0/0	0/0	0/0	0/0	0/0	0/0	0/0	0/1	1/1	0/0	0/0	0/1	0/1	0/1	0/1	1/1	0/0	0/1	1/1	0/1	1/1	1/1	1/1	0/1	1/1
NC_041312.1	86466065	0/0	0/0	0/0	0/0	0/0	0/0	0/0	0/0	0/0	0/0	0/0	0/0	0/0	0/0	0|1	0|1	0/0	0/0	0/0	0/0	0/0	0/0	0/0	0/0	0/0	0|1	1|1	0|1	0/0	0/0	0/0	0/0
NC_041312.1	87451992	0/0	0/0	0/0	0/0	0/0	0/0	0/0	0/0	0/0	0/0	0/0	0/0	0/0	0/0	1/1	1/1	1/1	1/1	0/1	0/0	1/1	1/1	0/0	0/1	1/1	1/1	0/1	0/0	0/1	0/1	0/1	0/0
NC_041312.1	87631912	0/0	0/0	0/0	0/0	0/0	0/0	0/0	0/0	0/0	0/0	0/0	0/0	0/0	0/0	1/1	1/1	1/1	1/1	0/1	1/1	1/1	1/1	0/0	1/1	1/1	1/1	1/1	0/1	0/1	0/1	1/1	1/1
NC_041312.1	99052489	0/0	0/0	0/0	0/0	0/0	0/0	0/0	0/0	0/0	0/0	0/0	0/0	0/0	0/0	0|1	0/0	0/0	0|1	0/0	0/0	0/0	0/1	0/0	0/0	0/0	1|1	0/0	0/0	0/0	0/0	0/0	0/0
NC_041312.1	99172032	0/0	0/0	0/0	0/0	0/0	0/0	0/0	0/0	0/0	0/0	0/0	0/0	0/0	0/0	0/0	0/0	0/0	0/1	0/0	0|1	0/0	0|1	0/0	0/0	0/0	0/0	0/0	0/0	0/0	0/0	0|1	0|1
NC_041312.1	102635850	0/0	0/0	0/0	0/0	0/0	0/0	0/0	0/0	0/0	0/0	0/0	0/0	0/0	0/0	0/0	1/1	0/1	0/0	0/1	0/0	0/0	1/1	0/1	0/0	0/0	1/1	1/1	1/1	1/1	0/0	0/1	0/1
NC_041312.1	113024581	0/0	0/0	0/0	0/0	0/0	0/0	0/0	0/0	0/0	0/0	0/0	0/0	0/0	0/0	0/1	0/0	0/0	0/0	0/1	0/0	0/0	1/1	0/0	0/0	0/0	0/0	0/0	0/1	0/0	0/0	0/0	0/0
NC_041312.1	129299212	0/0	0/0	0/0	0/0	0/0	0/0	0/0	0/0	0/0	0/0	0/0	0/0	0/0	0/0	0/1	1/1	1/1	1/1	0/0	0/1	0/1	0/1	0/1	1/1	1/1	0/0	0/0	0/1	0/1	0/1	0/1	0/1
NC_041313.1	2153027	0/0	0/0	0/0	0/0	0/0	0/0	0/0	0/0	0/0	0/0	0/0	0/0	0/0	0/0	0/1	0/1	0/1	0/1	1|1	1|1	0/1	0/1	0/1	0/0	0/0	1|1	1|1	1|1	1|1	1|1	0/1	0/0
NC_041313.1	4072628	0/0	0/0	0/0	0/0	0/0	0/0	0/0	0/0	0/0	0/0	0/0	0/0	0/0	0/0	1|1	1|1	0|1	1|1	1|1	1|1	0/0	0/0	0|1	1|1	0|1	0|1	0|1	1|1	0|1	0|1	1|1	0|1
NC_041313.1	6256887	0/1	1|1	0/1	0/0	0/0	0/0	0/0	0/0	0/0	1|1	1|1	1|1	0/0	0/0	0/0	0/0	0/0	0/0	0/0	0/0	0/0	0/0	0/0	0/0	0/0	0/0	0/0	0/0	0/0	0/0	0/0	0/0
NC_041313.1	17824868	1/1	0/1	1/1	1/1	0/1	0/0	0/0	0/0	0/0	1/1	0/0	0/0	0/1	0/0	0/0	0/0	0/0	0/0	0/0	0/0	0/0	0/0	0/0	0/0	0/0	0/0	0/0	0/0	0/0	0/0	0/0	0/0
NC_041313.1	22713416	0/0	0/0	0/0	0/0	0/0	0/0	0/0	0/0	0/0	0/0	0/0	0/0	0/0	0/0	0|1	0/1	0|1	0/1	1|1	1|1	0|1	0/0	0|1	1/1	0/1	0|1	0/0	0/0	0/0	0/0	0/0	0|1
NC_041313.1	22954456	0/0	0/0	0/0	0/0	0/0	0/0	0/0	0/0	0/0	0/0	0/0	0/0	0/0	0/0	0/0	0/0	0/0	0/0	1/1	0/1	0/0	0/0	0/0	0/0	0/0	0/0	0/0	0/0	0/0	0/0	0/1	1/1
NC_041313.1	29049549	0/1	0/0	0/0	0/1	0/0	0/0	0/0	0/0	1/1	0/1	0/0	0/0	0/1	0/1	0/0	0/0	0/0	0/0	0/0	0/0	0/0	0/0	0/0	0/0	0/0	0/0	0/0	0/0	0/0	0/0	0/0	0/0
NC_041313.1	29312733	0/0	0/0	0/0	0/0	0/0	0/0	0/0	0/0	0/0	0/0	0/0	0/0	0/0	0/0	1/1	0/0	0/0	0/0	1/1	0/1	0/0	0/0	0/0	0/0	0/0	0/0	0/0	0/0	0/0	0/0	0/1	0/1
NC_041313.1	29649855	0/0	0|1	0/0	0/0	0/0	0/0	0/0	0/0	0/0	0/0	0/0	0/0	0/0	0/0	0/0	0/0	1|1	0/0	0/0	0/0	0|1	1|1	1|1	0/0	0/0	0|1	0/0	0/0	1|1	0|1	0/0	0/0
NC_041313.1	34096489	0/0	0/0	0/0	0/0	0/0	0/0	0/0	0/0	0/0	0/0	0/0	0/0	0/0	0/0	0/0	0/0	0/0	0/1	0/0	0/0	0/0	0/0	0/1	0/0	0/0	0/0	0/0	0/1	0/0	0/1	0/0	0/0
NC_041313.1	36985257	0|1	1|1	0|1	0|1	0|1	0/0	0/0	0|1	0/0	0|1	1|1	0/0	0/0	1|1	0/0	0/0	0/0	0/0	0/0	0/0	0/0	0/0	0/0	0/0	0/0	0/0	0/0	0/0	0/0	0/0	0/0	0/0
NC_041313.1	44861553	0/0	0/0	0/0	0/0	0/0	0/0	0/0	0/0	0/0	0/0	0/0	0/0	0/0	0/0	0|1	0|1	0|1	0/0	0|1	0|1	0/0	0/0	0|1	0/0	0/0	0/0	0/0	0/0	0/0	0/0	0/0	0/0
NC_041313.1	44862451	0/0	0/0	0/0	0/0	0/0	0/0	0/0	0/0	0/0	0/0	0/0	0/0	0/0	0/0	0/0	0/0	0/0	0/0	0/0	0/0	0/1	0/0	0/0	0/0	0/0	0/0	0/0	0/0	0/0	0/0	1/1	0/1
NC_041313.1	52430178	0/0	0/0	0/0	0/0	0/0	0/0	0/0	0/0	0/0	0/0	0/0	0/0	0/0	0/0	0/1	0/0	0/0	0/0	0/0	0/0	0/0	1/1	0/0	0/0	0/0	0/0	0/0	0/0	0/1	1/1	0/0	0/0
NC_041313.1	57616776	0/0	0/0	0/0	0/0	0/0	0/0	0/0	0/0	0/0	0/0	0/0	0/0	0/0	0/0	0/0	0/0	0/0	0/0	0/1	1/1	0/0	0/1	0/0	0/0	0/0	1/1	0/1	0/0	0/0	0/0	0/0	0/1
NC_041313.1	61400845	0/0	0/0	0/0	0/0	0/0	0/0	0/0	0/0	0/0	0/0	0/0	0/0	0/0	0/0	0/0	0/0	0/0	0/0	0/1	0/1	0/0	0/0	0/0	0/0	0/1	0/0	0/0	0/0	0/0	0/0	0/0	0/1
NC_041313.1	61881354	0/0	0/0	0/0	0/0	0/0	0/0	0/0	0/0	0/0	0/0	0/0	0/0	0/0	0/0	0/0	0/1	0/1	0/0	0/0	0/0	0/0	0/0	0|1	0/1	0/1	0/0	0/0	0/0	0/0	0/0	0/0	0/1
NC_041313.1	67492751	0/0	0/1	1|1	0/1	0/1	0/0	0/0	0/0	1|1	0/1	0/1	0/0	0/1	0/1	0/0	0/0	0/0	0/0	0/0	0/0	0/0	0/0	0/0	0/0	0/0	0/0	0/0	0/0	0/0	0/0	0/0	0/0
NC_041313.1	69501277	0/0	0/0	0/0	0/0	0/0	0/0	0/0	0/0	0/0	0/0	0/0	0/0	0/0	0/0	0/0	0/0	0|1	0|1	0/0	0/0	0/0	0/0	0/0	0/0	0/0	0/0	0|1	0|1	0/0	0/0	0/0	0|1
NC_041313.1	72253507	0/0	1/1	0/0	0/1	1/1	0/0	0/1	0/0	0/1	0/1	0/0	1/1	0/1	0/0	0/0	0/0	0/0	0/0	0/0	0/0	0/0	0/0	0/0	0/0	0/0	0/0	0/0	0/0	0/0	0/0	0/0	0/0
NC_041313.1	72746492	0/0	0/0	0/0	0/0	0/0	0/0	0/0	0/0	0/0	0/0	0/0	0/0	0/0	0/0	1|1	1|1	0/0	0/1	0/0	0/1	0/0	0/0	0/0	0/0	0/1	0|1	0/0	1|1	0/0	0/0	0/0	0/0
NC_041313.1	76778679	0/1	1/1	0/0	0/0	0/0	0/0	0/0	0/1	0/1	0/0	0/0	0/0	0/0	0/0	0/0	0/0	0/0	0/0	0/0	0/0	0/0	0/0	0/0	0/0	0/0	0/0	0/0	0/0	0/0	0/0	0/0	0/0
NC_041313.1	84026517	0/0	0/0	0/0	0/0	0/0	0/0	0/0	0/0	0/0	0/0	0/0	0/0	0/0	0/0	0/0	1/1	0/1	0/0	0/1	0/0	0/0	0/1	0/0	0/0	0/0	0/1	0/1	0/0	0/0	0/0	1/1	1/1
NC_041313.1	84701439	0/0	0/0	0/0	0/0	0/0	0/0	0/0	0/0	0/0	0/0	0/0	0/0	0/0	0/0	0/1	0/1	0/0	0/1	0/1	0/1	0/0	1/1	0/0	1/1	1/1	1/1	0/0	1/1	0|1	0|1	0/0	1/1
NC_041313.1	85799057	0/0	0/0	0/0	0/0	0/0	0/0	0/0	0/0	0/0	0/0	0/0	0/0	0/0	0/0	1/1	1/1	1/1	0/1	1/1	1/1	1/1	1/1	0/0	1/1	1/1	1/1	1/1	1/1	1/1	1/1	1/1	1/1
NC_041313.1	105005670	0/0	0/0	0/0	0/0	0/0	0/0	0/0	0/0	0/0	0/0	0/0	0/0	0/0	0/0	0/0	0/0	0/0	0/0	0/0	0/0	0/0	0/0	0/0	0/1	1/1	0/1	0/1	0/0	0/0	0/0	0/0	0/0
NC_041313.1	105273358	0/0	0/0	0/0	0/0	0/0	0/0	0/0	0/0	0/0	0/0	0/0	0/0	0/0	0/0	0/1	0/0	0/0	0/0	0/0	0/0	0/1	0/1	0/0	0/0	0/0	0/0	0/1	0/1	0/0	0/0	0/0	0/0
NC_041313.1	107238273	0|1	0|1	0|1	0|1	0|1	0|1	0|1	0|1	0|1	0|1	0|1	0|1	0|1	0|1	0|1	0|1	0/1	0|1	0|1	0|1	0|1	0|1	0|1	0|1	0|1	0|1	0|1	0/0	0|1	0|1	0|1	0|1
NC_041313.1	107238372	0|1	0|1	0|1	0|1	0|1	0|1	0|1	0|1	0|1	0|1	0|1	0|1	0|1	0|1	0|1	0|1	0|1	0|1	0|1	0|1	0|1	0|1	0|1	0|1	0|1	0|1	0|1	0/0	0|1	0|1	0|1	0|1
NC_041313.1	108205563	0/0	0/0	0/0	0/0	0/0	0/0	0/0	0/0	0/0	0/0	0/0	0/0	0/0	0/0	0/0	0/1	0|1	0|1	0/0	0/0	0/0	0/0	0|1	0/0	0/0	0/0	0/0	0|1	0/0	0/0	0/0	0/0
NC_041313.1	108328948	0/0	0/0	0/0	0/0	0/0	0/0	0/0	0/0	0/0	0/0	0/0	0/0	0/0	0/0	0/1	0/1	0/1	0/0	0/1	0/0	0/0	0|1	0/1	0/0	0/0	0/1	0/1	0/1	0/0	0/1	0/0	0/1
NC_041313.1	108756558	0/0	0/0	0/0	0/0	0/0	0/0	0/0	0/0	0/0	0/0	0/0	0/0	0/0	0/0	0/0	0|1	0|1	0/0	0/0	0/0	0/0	0|1	0/0	0/0	0/0	0/1	0/0	0/0	0|1	0|1	0/0	0/0
NC_041313.1	110147697	1/1	1/1	0/1	0/0	1/1	0/0	0/0	0/1	1/1	0/1	0/1	0/0	0/1	0/1	0/0	0/0	0/0	0/0	0/0	0/0	0/0	0/0	0/0	0/0	0/0	0/0	0/0	0/0	0/0	0/0	0/0	0/0
NC_041313.1	111085295	1|1	1|1	0|1	0|1	1|1	0/0	0/0	1|1	1|1	1|1	0|1	0/0	0/0	0|1	0/0	0/0	0/0	0/0	0/0	0/0	0/0	0/0	0/0	0/0	0/0	0/0	0/0	0/0	0/0	0/0	0/0	0/0
NC_041313.1	111394292	0/0	0/0	0/0	0/0	0/0	0/0	0/0	0/0	0/0	0/0	0/0	0/0	0/0	0/0	0/0	0|1	0/0	0/1	0/0	0/0	0/0	0/0	0/0	0/0	0|1	0|1	0/0	0/0	0/0	0/0	0/0	0/0
NC_041313.1	115201153	0/0	0/0	0/0	0/0	0/0	0/0	0/0	0/0	0/0	0/0	0/0	0/0	0/0	0/0	0/0	0/1	0/0	0/0	1/1	0/1	0/0	0/0	0/0	0/0	0/0	0/0	0/0	0/0	0/0	0/0	0/0	0/0
NC_041313.1	115995588	0/0	0/0	0/0	0/0	0/1	0/0	0/1	0/1	0/1	0|1	0/0	0/0	1|1	0|1	0/0	0/0	0/0	0/0	0/0	0/0	0/0	0/0	0/0	0/0	0/0	0/0	0/0	0/0	0/0	0/0	0/0	0/0
NC_041313.1	117597122	0/0	0/0	0/0	0/0	0|1	0/1	1|1	0|1	1|1	0|1	0/0	0/0	0|1	0/0	0/0	0/0	0/0	0/0	0/0	0/0	0/0	0/0	0/0	0/0	0/0	0/0	0/0	0/0	0/0	0/0	0/0	0/0
NC_041313.1	117636825	0/0	0/0	0/0	0/0	1|1	1|1	0/0	0/0	0|1	0/0	0/0	0/0	0/0	0/0	0/0	0/0	0/0	0/0	0/0	0/0	0/0	0/0	0/0	0/0	0/0	0/0	0/0	0/0	0/0	0/0	0/0	0/0
NC_041313.1	120805652	0/0	0/0	0/0	0/0	0/0	0/0	0/0	0/0	0/0	0/0	0/0	0/0	0/0	0/0	0|1	1|1	1/1	0/0	0/0	0/0	0/0	0/0	0|1	1/1	1/1	0/0	1|1	0/0	0/0	0/0	0/0	0/0
NC_041313.1	121392418	0/0	0/0	0/0	0/0	0/0	0/0	0/0	0/0	0/0	0/0	0/0	0/0	0/0	0/0	0/1	0/0	0/1	0/0	1/1	0/1	0/0	0/0	0/0	0/0	0/0	0/0	0/0	0/1	0/0	0/0	0/0	0/0
NC_041313.1	121575889	0/0	0/0	0/0	0/0	0/0	0/0	0/0	0/0	0/0	0/0	0/0	0/0	0/0	0/0	0/0	0/0	1|1	0/1	0/0	0/0	0/0	0/0	0/0	0/1	0/1	0/0	1|1	0/0	0/0	0/0	0/0	0/0
NC_041313.1	121847796	0/0	0/0	0/0	0/0	0/0	0/0	0/0	0/0	0/0	0/0	0/0	0/0	0/0	0/0	0/0	0|1	0/0	0/1	0/0	0/0	0/0	0/1	0/0	0/0	0/0	0/0	1|1	0/0	0/0	0/0	0/0	0/0
NC_041314.1	671790	0/0	0/0	0/0	0/0	0/0	0/0	0/0	0/0	0/0	0/0	0/0	0/0	0/0	0/0	1/1	1/1	1/1	1/1	1/1	1/1	1/1	1/1	1/1	1/1	1/1	1/1	1/1	1/1	1/1	1/1	1/1	1/1
NC_041314.1	3945669	0/0	0/0	0/0	0/0	0/1	0/1	0/1	1/1	0/0	0/1	0/1	0/1	1/1	1/1	1/1	0/1	1/1	0/1	1/1	1/1	0/1	0/1	1/1	1/1	0/1	0/0	0/1	0/0	0/0	0/0	1/1	1/1
NC_041314.1	4570338	0/0	0/0	0/0	0/0	0/0	0/0	0/0	0/0	0/0	0/0	0/0	0/0	0/0	0/0	0/0	0/1	0/0	0/0	0/1	0/1	0/0	0|1	0/0	1/1	0/1	0/0	0/0	0/0	0/0	0/0	0/1	0/0
NC_041314.1	4671068	0/0	0/0	0/0	0/0	0|1	0/0	0/0	0/0	0/0	0/1	0/0	0/0	0/1	1|1	0/0	0/0	0/0	0/0	0/0	0/0	0/0	0/0	0/0	0/0	0/0	0/0	0/0	0/0	0/0	0/0	0/0	0/0
NC_041314.1	5965236	0/0	0/0	0/0	0/0	0/0	0/0	0/0	0/0	0/0	0/0	0/0	0/0	0/0	0/0	0/0	0/0	0/0	0/0	0/0	0/0	0/0	0/0	0/0	1|1	1|1	0/0	0/1	0/0	0/0	0/0	0/0	0/0
NC_041314.1	9273839	0/0	0/0	0/0	0/0	0/0	0/0	0/0	0/0	0/0	0/0	0/0	0/0	0/0	0/0	0/0	0/0	0|1	0|1	0/0	0/0	0|1	1|1	0/0	0/0	0/0	0/0	0/0	0/0	0/0	0|1	0/0	0/0
NC_041314.1	9413511	0/0	0/0	0/0	0/0	0/0	0/0	0/0	0/0	0/0	0/0	0/0	0/0	0/0	0/0	0/0	0|1	0|1	0|1	0/0	0|1	0|1	0|1	0/0	0/0	0/0	0|1	0/0	0|1	0|1	0|1	0|1	0|1
NC_041314.1	21251725	0/0	0/0	0/0	0/0	0/0	0/0	0/0	0/0	0/0	0/0	0/0	0/0	0/0	0/0	0/0	0/0	0/0	0/0	0/0	0/0	0/0	0/0	0/0	0/1	0/1	0/0	0/0	0/0	0/0	0/0	0/0	1|1
NC_041314.1	21350628	1/1	1/1	1/1	1/1	0/1	0/0	0/0	1/1	0/0	1/1	0/0	0/0	0/0	0/1	0/0	0/0	0/0	0/0	0/0	0/0	0/0	0/0	0/0	0/0	0/0	0/0	0/0	0/0	0/0	0/0	0/1	0/0
NC_041314.1	37542985	0/0	0/0	0/0	0/0	0/0	0/0	0/0	0/0	0/0	0/0	0/0	0/0	0/0	0/0	0/0	0/1	0/0	0/0	0/1	1/1	0/1	0/0	0/0	0/0	0/0	0/1	0/0	0/0	0/0	0/0	0/1	0/0
NC_041314.1	51062435	0/0	0/0	0/0	0/0	0/0	0/0	0/0	0/0	0/0	0/0	0/0	0/0	0/0	0/0	0/0	0/0	0/0	0/0	0/1	1/1	0/0	0/0	0/0	0/1	0/1	0/0	0/0	0/1	0/0	0/0	0/0	0/0
NC_041314.1	51207095	0/0	0/0	0/0	0/0	0/0	0/0	0/0	0/0	0/0	0/0	0/0	0/0	0/0	0/0	0|1	0|1	0/0	0|1	0|1	1|1	0/0	0/0	0/0	1|1	1|1	0|1	1|1	0|1	0/0	0/0	0/0	0/0
NC_041314.1	53877734	0/0	0/0	0/0	0/1	0/0	0/0	0/0	0/0	0/0	0/0	0/0	0/0	0/0	0/0	1/1	1|1	1/1	1/1	1/1	1/1	0/1	0/1	1/1	0/0	0/1	0/0	0/0	0/0	0/1	0/1	1/1	1/1
NC_041314.1	54961374	0/0	0/0	0/0	0/0	0/0	0/0	0/0	0/0	0/0	0/0	0/0	0/0	0/0	0/0	1/1	1/1	0/1	1/1	1/1	1/1	1/1	1/1	1/1	0/0	0/0	1/1	0/1	0/1	1/1	1/1	1/1	1/1
NC_041314.1	59176058	0/0	0/0	0/0	0/0	0/0	0/0	0/0	0/0	0/0	0/0	0/0	0/0	0/0	0/0	0/0	0/0	0/0	0/0	0/0	0/0	0/0	0/1	0|1	0/0	0/0	0/0	0/0	0/0	0/0	0/0	0|1	1|1
NC_041314.1	64167192	0/0	0/0	0/0	0/1	0/0	0/0	0/0	0/0	0/0	0/0	0/0	0/0	0/0	0/0	0/1	1/1	0/0	0/0	0/1	0/0	0/0	0/0	0/0	0/0	0/0	0/0	0/0	0/0	0/1	0/1	0/0	0/0
NC_041314.1	69776253	0/0	1/1	0/1	0/0	0/0	0/0	0/0	0/1	0/0	0/1	0/1	0/0	0/0	0/0	0/0	0/0	0/0	0/0	0/0	0/0	0/0	0/0	0/0	0/0	0/0	0/0	0/0	0/0	0/0	0/0	0/0	0/0
NC_041314.1	72600639	0/0	0/0	0/0	0/0	0/0	0/0	0/0	0/0	0/0	0/0	0/0	0/0	0/0	0/0	0/0	0/0	0/1	0/1	0/0	0/0	0/0	0/0	1/1	0/0	0/0	0/0	0/0	0/0	0/0	0/0	0/0	0/0
NC_041314.1	72833736	0/0	0/0	0/0	0/0	0/0	0/0	0/0	0/0	0/0	0/0	0/0	0/0	0/0	0/0	0/0	0/0	0/0	0/0	0/1	0/0	0/0	0/1	0/0	0/0	0/0	0/0	0/0	0/0	0/0	0/0	0/0	1/1
NC_041314.1	73516659	1/1	1/1	1/1	0/1	0/1	0/0	0/0	1/1	0/1	1/1	0/1	0/0	0/0	0/1	0/0	0/0	0/0	0/0	0/0	0/0	0/0	0/0	0/0	0/0	0/0	0/0	0/0	0/0	0/0	0/0	0/0	0/0
NC_041314.1	82934608	0/0	0/0	0/0	0/0	0/0	0/0	0/0	0/0	0/0	0/0	0/0	0/0	0/0	0/0	0/0	0/0	0/0	0/0	0/0	0/0	0/0	0/0	0/0	1/1	1/1	0/0	0/0	0/0	0/0	0/0	0/0	0/0
NC_041314.1	84033559	1/1	1/1	1/1	0/1	0/1	0/0	0/0	0/1	1/1	0/1	0/1	0/0	1/1	0/1	0/0	0/0	0/0	0/0	0/0	0/0	0/0	0/0	0/0	0/0	0/0	0/0	0/0	0/0	0/0	0/0	0/0	0/0
NC_041314.1	85648413	0/0	0/0	0/0	0/0	0/0	0/0	0/0	0/0	0/0	0/0	0/0	0/0	0/0	0/0	0/0	0/0	0/0	0/0	0/0	0/1	0/0	0/0	0/0	0/0	0/0	0/0	0/0	0/0	0/1	1/1	0/0	0/0
NC_041314.1	85756411	0/0	0/0	0/0	0/0	0/0	0/0	0/0	0/0	0/0	0/0	0/0	0/0	0/0	0/0	0/0	0/0	0/0	0/0	0/0	0/1	0/0	0/0	0/0	0/0	0/0	0/0	0/0	0/0	0/1	1|1	0/0	0/0
NC_041314.1	100451494	0/0	0/0	0/0	0/0	0/0	0/0	0/0	0/0	0/0	0/0	0/0	0/0	0/0	0/0	0/1	0/1	0/1	0/0	1/1	0/1	0/0	0/1	0/0	0/1	0/0	0/1	0/0	1/1	0/0	0/0	0/1	1/1
NC_041314.1	101958928	0/0	0/0	0/0	0/1	0/1	0/1	1/1	0/0	0/1	0/1	0/0	0/0	1/1	0/0	0/0	0/0	0/0	0/0	0/0	0/0	0/0	0/0	0/0	0/0	0/0	0/0	0/0	0/0	0/0	0/0	0/0	0/0
NC_041314.1	102707439	0/0	0/0	0/0	0/0	0/0	0/0	0/0	0/0	0/0	0/0	0/0	0/0	0/0	0/0	0/1	0/1	0/0	0/0	0/1	0/0	0/0	0/0	0/0	1/1	1/1	0/1	0/0	0/0	0/0	0/0	0/1	0/1
NC_041314.1	107340023	0/0	0/0	0/0	0/0	0/1	1/1	1/1	0/0	0/0	0/0	1/1	0/1	0/0	0/0	0/0	0/0	0/0	0/0	0/0	0/0	0/0	0/0	0/0	0/0	0/0	0/0	0/0	0/0	0/0	0/0	0/0	0/0
NC_041314.1	115785321	0/0	0/0	0/0	0/0	0/0	0/0	0/0	0/0	0/0	0/0	0/0	0/0	0/0	0/0	0/0	0/0	0|1	0|1	0|1	0/0	0/0	0/0	0|1	0/0	0|1	0|1	0/0	0/0	0/0	0/0	0/0	0|1
NC_041314.1	119237099	0/0	0/0	0/0	0/0	0/0	0/1	0/1	0/0	0|1	0/0	0/1	0/0	1|1	1|1	0/0	0/0	0/0	0/0	0/0	0/0	0/0	0/0	0/0	0/0	0/0	0/0	0/0	0/0	0/0	0/0	0/0	0/0
NC_041314.1	124146815	0/0	0/0	0/0	0/0	0/0	0/0	0/0	0/0	0/0	0/0	0/0	0/0	0/0	0/0	0/0	0/0	0/0	0/1	0/1	0/0	0/0	0/0	0/0	0/0	0/0	0/0	0/0	0/0	0/0	1/1	0/0	0/1
NC_041315.1	832232	0/0	1/1	0/1	0/1	0/0	0/1	0/0	0/0	0/0	0/1	0/0	0/0	0/0	0/0	0/0	0/0	0/0	0/0	0/0	0/0	0/0	0/0	0/0	0/0	0/0	0/0	0/0	0/0	0/0	0/0	0/0	0/0
NC_041315.1	17756887	0/0	0/0	0/0	0/0	0/1	0/1	1/1	0/1	0/0	0/0	0/1	0/1	0/0	0/0	0/0	0/0	0/0	0/0	0/0	0/0	0/0	0/0	0/0	0/0	0/0	0/0	0/0	0/0	0/0	0/0	0/0	0/0
NC_041315.1	20945666	0/0	0/0	1/1	0/1	1/1	0/1	0/1	0/0	0/0	1/1	0/0	0/1	0/0	0/1	0/0	0/0	0/0	0/0	0/0	0/0	0/0	0/0	0/0	0/0	0/0	0/0	0/0	0/0	0/0	0/0	0/0	0/0
NC_041315.1	22815551	0/0	0/0	0/0	0/0	0/0	0/0	0/0	0/0	0/0	0/0	0/0	0/0	0/0	0/0	0/1	0/0	0/0	0/0	0/0	0/0	0/0	0/0	0/0	0/1	1/1	0/0	0/0	0/0	0/0	0/0	0/0	0/0
NC_041315.1	24298653	0/0	0/0	0/0	0|1	0/0	0/0	0/0	0/0	0/0	0/0	0/0	0/0	0/0	0/0	0/0	0/0	0/0	0/0	0/1	0/0	0/0	0|1	0/1	0/0	0/0	0/0	0/0	0/0	1|1	0/1	0/0	0/0
NC_041315.1	27093780	0/0	0/0	0/0	0/0	0/0	0/0	0/0	0/0	0/0	0/0	0/0	0/0	0/0	0/0	0/0	0/0	0/0	0/0	1/1	0/0	0/0	0/0	0/0	0/0	0/0	0/1	0/0	0/1	1/1	0/1	0/0	0/0
NC_041315.1	35603274	0/0	0/0	0/0	0/0	0/0	0/0	0/0	0/0	0/0	0/0	0/0	0/0	0/0	0/0	0/0	1|1	0/0	0/0	0/1	0/0	0/0	0/0	0/0	0/0	0/0	0/0	0/0	0/0	0/0	0/0	0/0	0/1
NC_041315.1	42066867	0/0	0/0	0/0	0/0	0/0	0/0	0/0	0/0	0/0	0/0	0/0	0/0	0/0	0/0	0|1	0/0	0|1	0|1	0/0	0/0	0|1	0|1	0/0	0/0	0/0	0|1	0/0	0/0	0|1	0/0	0/0	0/0
NC_041315.1	46921921	0/0	0/0	0/0	0/0	0/0	0/0	0/0	0/0	0/0	0/0	0/0	0/0	0/0	0/0	1/1	0/1	0/0	0/0	0/0	0/0	0/0	0/0	0/0	0/1	0/0	0/1	0/0	0/1	0/0	0/0	0/0	0/0
NC_041315.1	61187808	0/0	0/0	0/0	0/0	0|1	0/0	0/0	0|1	0/0	1|1	0/0	0|1	0/0	0/0	0/0	0/0	0/0	0/0	0/0	0/0	0/0	0/0	0/0	0/0	0/0	0/0	0/0	0/0	0/0	0/0	0/0	0/0
NC_041315.1	72187950	0/0	0/0	0/0	0/0	0/0	0/0	0/0	0/0	0/0	0/0	0/0	0/0	0/0	0/0	0/0	0/1	0/1	0/1	0/1	0/1	0/0	0/0	0/1	0/0	0/0	0/0	0/1	0/1	0/0	0/1	0/1	1/1
NC_041315.1	77454075	1|1	1|1	1|1	0/1	1|1	0/1	0/0	0/1	0/0	0/0	0/0	0/0	1|1	1|1	0/0	0/0	0/0	0/0	0/0	0/0	0/0	0/0	0/0	0/0	0/0	0/0	0/0	0/0	0/0	0/0	0/0	0/0
NC_041315.1	78655448	0/0	0/0	0/0	0/0	0/0	0/0	0/0	0/0	0/0	0/0	0/0	0/0	0/0	0/0	0/1	1/1	0/0	0/0	0/1	0/1	0/0	0/0	0/0	0/0	0/1	0/0	0/0	0/0	0/0	0/0	1/1	1/1
NC_041315.1	79044825	1/1	1|1	1/1	1/1	1/1	0/0	0/0	0/0	1/1	1/1	0/0	0/0	0/0	0/0	0/0	0/0	0/0	0/1	0/1	1/1	0/1	0/0	0/1	1/1	0/0	0/1	0/1	0/1	0/1	1/1	1/1	0/1
NC_041315.1	100044566	0/0	0/0	0/0	0/0	0/0	0/0	0/0	0/0	0/0	0/0	0/0	0/0	0/0	0/0	0/0	0/0	0/0	0/0	0/0	0/0	0/0	0/0	0/0	0/0	0/0	0/0	0/0	0|1	1/1	1/1	0/0	0/0
NC_041316.1	7115004	0/0	0/0	0/0	0/0	0/0	0/0	0/0	0/0	0/0	0/0	0/0	0/0	0/0	0/0	0/1	0/0	0/0	0/0	0/0	0/0	0/0	0/0	1/1	0/0	0/0	0/1	1/1	0/0	0/0	0/0	0/0	0/0
NC_041316.1	14573839	0/0	0/0	0/0	0/0	0/0	0/0	0/0	0/0	0/0	0/0	0/0	0/0	0/0	0/0	0|1	0|1	0|1	0|1	0/0	0/0	0/0	0/0	0/0	0/0	0/0	0|1	0|1	0/0	0/0	0/0	0/0	0/0
NC_041316.1	14629984	0/0	0/0	0/0	0/0	0/0	0/0	0/0	0/0	0/0	0/0	0/0	0/1	0/0	0/0	0/1	0/0	0/0	0/1	0/1	0|1	0/0	0/0	1/1	1/1	1/1	0/0	0/0	0/1	0/0	0/0	0/1	0/1
NC_041316.1	22077609	1|1	1|1	1|1	0|1	0/0	0/0	0/0	0|1	0/0	1|1	0|1	0/0	0|1	1|1	0/0	0/0	0/0	0/0	0/0	0/0	0/0	0/0	0/0	0/0	0/0	0/0	0/0	0/0	0/0	0/0	0/0	0/0
NC_041316.1	27685421	0/0	0/0	0/0	0/0	0/0	0/0	0/0	0/0	0/0	0/0	0/0	0/0	0/0	0/0	0/1	0/0	0/0	0/1	0/1	1/1	0/0	0/0	0/0	0/0	1/1	0/0	0/0	0/0	0/0	0/0	0/1	0/1
NC_041316.1	34032605	0/0	0/0	0/0	0/0	0/0	0/0	0/0	0/0	0/0	0/0	0/0	0/0	0/0	0/0	0/1	0/0	0/0	0/1	0/1	0/1	0/0	1|1	0/0	0/0	0/0	0/1	0/0	0/0	0/1	0/1	1|1	0/1
NC_041316.1	42721709	0/0	0/0	0/0	0/1	0/0	0/0	0/0	0/0	0/0	0/0	0/0	0/0	0/0	0/0	0/1	0/1	0/0	0/1	0/0	0/0	0/0	0/1	0/0	0/1	1/1	0/1	0/0	0/0	0/1	0/0	0/0	0/0
NC_041316.1	44571435	0/0	0/0	0/0	0/0	0/0	0/0	0/0	0/0	0/0	0/0	0/0	0/0	0/0	0/0	1|1	1|1	0/0	0|1	0/0	0|1	0/0	0/0	0/0	0|1	1|1	0|1	1|1	0|1	0/0	0/0	0|1	1|1
NC_041316.1	44639457	0/0	0/0	0/0	0/0	0/0	0/0	0/0	0/0	0/0	0/0	0/0	0/0	0/0	0/0	0/0	0/0	0/0	0/0	0/1	1/1	0/0	0/0	0/1	0/0	0/0	0/1	0/0	0/0	0/0	0/0	0/0	0/0
NC_041316.1	49759667	0/0	0/0	0/0	0/1	0/0	0/0	0/0	1|1	0/0	1|1	0|1	0/0	0/0	0/0	0/0	0/0	0/0	0/0	0/0	0/0	0/0	0/0	0/0	0/0	0/0	0/0	0/0	0/0	0/0	0/0	0/0	0/0
NC_041316.1	54343136	0/0	0/0	0/0	0/0	0/0	0/0	0/0	0/0	0/0	0/0	0/0	0/0	0/0	0/0	0/0	1|1	0/0	0|1	0/1	0/0	0/0	0/0	0/0	0/0	0/0	0|1	0/0	0/0	0/0	0/0	0/0	1|1
NC_041316.1	56388289	0/0	0/0	0/0	0/0	0/0	0/0	0/0	0/0	0/0	0/0	0/0	0/0	0/0	0/0	0/1	0/0	0/1	0/0	0/0	0/0	0/1	0/0	0/1	0/0	0/0	0/0	0/0	0/1	0/1	0/0	0/0	0/0
NC_041316.1	56510339	0/0	0/0	0/0	0/0	0/0	0/0	0/0	0/0	0/0	0/0	0/0	0/0	0/0	0/0	0/0	0/0	1|1	0|1	1|1	0/0	0|1	1|1	1|1	0|1	1|1	1|1	1|1	0/0	1|1	1|1	0|1	1|1
NC_041316.1	56690341	0/0	0/0	0/0	0/0	0/0	0/0	0/0	0/0	0/0	0/0	0/0	0/0	0/0	0/0	0/0	0/0	0/0	0/1	0/1	1|1	0/0	0/0	0/0	0/0	0/0	0/0	0/0	0/0	0/0	0/0	1|1	0/0
NC_041316.1	63646521	0/0	0/0	0/0	0/0	0/0	1/1	0/1	0/1	0/0	0/0	0/0	0/0	0/0	0/0	0/0	0/0	0/0	0/0	0/0	0/0	0/0	0/0	0/0	0/0	0/0	0/0	0/0	0/0	0/0	0/0	0/0	0/0
NC_041316.1	63865746	0/1	0|1	0/0	1/1	0/0	0/0	0/0	0/0	0/0	0/1	0/0	0/0	0/0	0/0	0/0	0/0	0/0	0/1	0/0	0/0	0/0	0/1	0/0	0/0	0/0	0/0	0/0	0/0	0/0	0/0	0/0	0/0
NC_041316.1	83852312	0/0	0/0	1|1	0/0	0|1	0|1	0/0	0/0	0|1	0/0	0|1	0/0	0|1	0/0	0/0	0/0	0/0	0/0	0/0	0/0	0/0	0/0	0/0	0/0	0/0	0/0	0/0	0/0	0/0	0/0	0/0	0/0
NC_041316.1	93540100	1/1	1/1	1/1	0/1	1/1	0/1	0/0	1/1	1/1	1/1	0/1	0/1	1/1	1/1	0/0	0/0	0/0	0/0	0/0	0/0	0/0	0/0	0/0	0/0	0/0	0/0	0/0	0/0	0/0	0/0	0/0	0/0
NC_041316.1	96101301	0/1	0/0	0/0	0/0	0/1	0/0	0/0	0/1	0/1	0/1	0/0	0/0	0/0	0/1	0/0	0/0	0/0	0/0	0/0	0/0	0/0	0/0	0/0	0/0	0/0	0/0	0/0	0/0	0/0	0/0	0/0	0/0
NC_041316.1	99453678	0/0	0/0	0/0	0/0	0/0	0/0	0/0	0/0	0/0	0/0	0/0	0/0	0/0	0/0	0/1	0/0	0/0	0/0	0/1	0/0	0/0	0/0	0/0	0/0	0/0	0/1	0/0	0/0	0/0	0/0	0/0	0/1
NC_041317.1	2391405	1/1	0/0	0/1	1/1	1/1	0/0	0/0	0/1	0/0	0/1	0/1	0/0	1/1	1/1	0/0	0/0	0/0	0/0	0/0	0/0	0/0	0/0	0/0	0/0	0/0	0/0	0/0	0/0	0/0	0/0	0/0	0/0
NC_041317.1	13138316	1/1	0/1	0/0	0/0	1/1	0/0	0/0	1/1	0/0	0/1	0/0	0/0	0/0	0/0	0/0	0/0	0/0	0/0	0/0	0/0	0/0	0/0	0/0	0/0	0/0	0/0	0/0	0/0	0/0	0/0	0/0	0/0
NC_041317.1	15491162	0/0	0/0	0/0	0/0	0/0	0/0	0/0	0/0	0/0	0/1	1/1	0/1	0/0	0/0	0/0	0/0	0/0	0/0	0/0	0/0	0/0	0/0	0/0	0/0	0/0	0/0	0/0	0/0	0/0	0/0	0/0	0/0
NC_041317.1	24408069	0/0	0/0	0/0	0/0	0/0	0/0	0/0	0/0	0/0	0/0	0/0	0/0	0/0	0/0	0/1	0/1	0/1	0/0	0/0	0/0	0/1	0/1	0/1	0/0	0/1	1|1	0|1	0/0	0/0	0/0	0/0	0/1
NC_041317.1	27092937	0/0	0/0	0/0	0/0	0/0	0/0	0/0	0/0	0/0	0/0	0/0	0/0	0/0	0/0	0/1	1/1	0/0	0/0	0/0	0/0	0/0	0/0	0/0	0/0	0/0	0/1	0/0	0/1	0/0	0/0	0/0	0/1
NC_041317.1	27108385	0/0	0/0	0/0	0/0	0/0	0/0	0/0	0/0	0/0	0/0	0/0	0/0	0/0	0/0	0|1	0/0	0|1	0|1	0/0	0/0	0/0	0|1	0|1	0|1	0/0	0/0	0/0	0|1	0|1	0|1	1|1	0|1
NC_041317.1	27754992	0/1	0/1	0/0	0/1	0/1	0/0	0/0	0/1	0/0	0/1	0/0	0/0	0/0	0/0	0/0	0/0	0/0	0/0	0/0	0/0	0/0	0/0	0/0	0/0	0/0	0/0	0/0	0/0	0/0	0/0	0/0	0/0
NC_041317.1	28117843	0/0	0/0	0/0	0/0	0/0	0/0	0/0	0/0	0/0	0/0	0/0	0/0	0/0	0/0	0|1	0/0	0/0	0/1	0/0	0/0	0/0	0/0	0/0	0|1	0/1	0/0	1|1	0|1	0/0	0/0	0/0	0/0
NC_041317.1	35931407	0/0	0/0	0/0	0/0	0/0	0/0	0/0	0/0	0/0	0/0	0/0	0/0	0/0	0/0	0/0	0/0	0/0	0/0	0/0	0/0	0/0	0/0	0/0	1/1	0/0	0/1	0/0	0/1	0/0	0/0	0/0	0/0
NC_041317.1	38300436	0/0	0/0	0/0	0/0	0/0	0/0	0/0	0/0	0/0	0/0	0/0	0/0	0/0	0/0	0/1	0/0	0/0	0/0	0/0	0/0	1|1	0/0	0/1	0/0	0|1	0/0	1|1	0/0	0/0	0|1	1|1	1|1
NC_041317.1	39956308	0/0	0/0	0/0	0/0	0/0	0/0	0/0	0/0	0/0	0/0	0/0	0/0	0/0	0/0	0/0	0/0	0/0	0|1	0/0	0/0	0/0	0/0	0/0	0/0	1|1	0/0	0/0	0/0	0/1	0/0	0/0	0/0
NC_041317.1	40452659	0/0	0/0	0/0	0/0	0/0	0/0	0/0	0/0	0/0	0/0	0/0	0/0	0/0	0/0	0/1	0/1	0/0	0/0	0/0	0/0	0/0	0/0	0/0	0/0	1/1	0/1	0/0	1/1	0/0	0/0	0/0	0/0
NC_041317.1	41020155	0/0	0/0	0/0	0/0	0/0	0/0	0/0	0/0	0/0	0/0	0/0	0/0	0/0	0/0	0|1	0/0	1|1	0/0	1|1	0/0	1|1	0|1	0|1	0/0	0/0	0|1	0/0	0/0	0|1	0|1	0/0	0/0
NC_041317.1	41304057	1|1	1|1	1|1	1|1	0|1	0/0	0|1	0|1	0/0	1|1	0/0	0/0	0/0	0|1	0/0	0/0	0/0	0/0	0/0	0/0	0/0	0/0	0/0	0/0	0/0	0/0	0/0	0/0	0/0	0/0	0/0	0/0
NC_041317.1	44142790	0/0	0/0	0/0	0/0	0/0	0/0	0/0	0/0	0/0	0/0	0/0	0/0	0/0	0/0	0/0	0/0	0/0	1/1	0/0	0/1	0/0	0/0	0/0	0/1	0/0	0/0	0/0	0/0	0/0	0/0	0/0	0/0
NC_041317.1	44192309	0/0	0/0	0/0	0/1	0/1	0/0	0/0	0/1	0/1	0/0	0/0	0/0	0/0	0/0	0/0	0/0	0/0	0/0	0/0	0/0	0/0	0/0	0/0	0/0	0/0	0/0	0/0	0/0	0/0	0/0	0/0	0/0
NC_041317.1	44710695	0/0	0/0	0/0	0/0	0/0	1/1	0/1	0/1	0/1	0/0	0/0	0/0	0/0	0/0	0/0	0/0	0/0	0/0	0/0	0/0	0/0	0/0	0/0	0/0	0/0	0/0	0/0	0/0	0/0	0/0	0/0	0/0
NC_041317.1	48504098	0/0	0/0	0/0	0/0	0/0	1/1	0/0	0/0	0/0	0/0	0/0	0/0	1/1	0/0	0/0	0/0	0/0	0/0	0/0	0/0	0/0	0/0	0/0	0/0	0/0	0/0	0/0	0/0	0/0	0/0	0/0	0/0
NC_041317.1	51609493	0/0	0/0	0/0	0/0	0/0	0/0	0/0	0/0	0/0	0/0	0/0	0/0	0/0	0/0	0/0	0/0	0/1	0/0	0/0	0/0	0/0	0/0	0/1	0/0	0/0	0/1	0/0	0/0	0/0	0/1	0/0	0/0
NC_041317.1	53170057	0/0	0/0	0/0	0/0	0/0	0/0	0/0	0/0	0/0	0/0	0/0	0/0	0/0	0/0	1|1	1|1	0|1	0|1	1|1	1|1	0|1	1|1	1|1	1|1	1|1	0/1	0|1	1|1	1|1	1|1	1|1	0/1
NC_041317.1	53370354	0/0	0/0	0/0	0/0	0/1	1/1	0/0	0/1	0/0	0/0	0/0	0/0	0/0	0/0	0/0	0/0	0/0	0/0	0/0	0/0	0/0	0/0	0/0	0/0	0/0	0/0	0/0	0/0	0/0	0/0	0/0	0/0
NC_041317.1	54312038	0/0	0/0	0/0	0/0	0/0	0/1	0/0	0/0	0/0	0/1	0/1	0/0	1/1	0/1	0/0	0/0	0/0	0/0	0/0	0/0	0/0	0/0	0/0	0/0	0/0	0/0	0/0	0/0	0/0	0/0	0/0	0/0
NC_041317.1	61262184	0/0	0/0	0/0	0/0	0/0	0/0	0/0	0/0	0/0	0/0	0/0	0/0	0/0	0/0	0/1	0/0	0/1	0/0	0/0	0/0	0/0	0/1	0/1	0/0	0/0	0/0	1/1	0/1	0/0	0/1	0/0	0/1
NC_041317.1	62365754	0/0	0/0	0|1	0/0	0/0	0/0	0/0	0|1	0/0	1|1	0/0	0/0	0/0	0/0	0/0	0/0	0/0	0/0	0/0	0/0	0/0	0/0	0/0	0/0	0/0	0/0	0/0	0/0	0/0	0/0	0/0	0/0
NC_041317.1	62368030	0/0	0/0	0/1	0/0	0/0	0/0	0/0	0/1	0/0	1/1	0/0	0/0	0/0	0/0	0/0	0/0	0/0	0/0	0/0	0/0	0/0	0/0	0/0	0/0	0/0	0/0	0/0	0/0	0/0	0/0	0/0	0/0
NC_041317.1	64627135	0/0	0/0	0/0	0/0	0/0	0/0	0/0	0/0	0/0	0/0	0/0	0/0	0/0	0/0	0/1	0/0	0/1	0/0	0|1	0|1	0|1	0/0	0/0	0/0	0|1	0|1	0/1	0|1	0/0	0|1	0/0	0|1
NC_041317.1	64677512	0/0	0/0	0/0	0/0	0/0	0/0	0/0	0/0	0/0	0/0	0/0	0/0	0/0	0/0	0/0	0/0	0/0	0/0	0/1	0/1	0/0	0/1	0/1	0/0	0/0	0/0	0/0	0/0	0/0	0/0	0/1	0/0
NC_041317.1	69300684	0/0	0/0	0/0	0/0	0/0	0/0	0/0	0/0	0/0	0/0	0/0	0/0	0/0	0/0	0/0	0/0	0/0	0/0	0/0	0/0	0/0	0/0	0/0	1/1	0/1	0/1	0/0	0/0	0/0	0/1	0/0	0/0
NC_041317.1	72785973	0/0	0/0	0/0	0/0	0/0	0/0	0/0	0/0	0/0	0/0	0/0	0/0	0/0	0/0	0/0	0/0	0/0	0/1	0/0	0/0	0/0	1/1	0/0	0/0	0/0	1/1	0/1	0/0	0/1	0/0	0/0	0/0
NC_041317.1	74482304	0/0	0/0	0/0	0/0	0/0	0/0	0/0	0/0	0/0	0/0	0/0	0/0	0/0	0/0	0/0	0/1	0/0	0/1	0/0	0/0	0/0	0/0	0/0	0/1	0/1	0/0	0/1	0/0	0/0	0/0	0/0	0/0
NC_041317.1	75116504	0/1	1/1	0/1	0/1	0/1	0/0	0/0	0/1	0/0	1/1	0/0	0/0	0/1	0/1	0/0	0/0	0/0	0/0	0/0	0/0	0/0	0/0	0/0	0/0	0/0	0/0	0/0	0/0	0/0	0/0	0/0	0/0
NC_041317.1	79018937	0/0	0/0	0/0	0/0	0/0	0/0	0/0	0/0	0/0	0/0	0/0	0/0	0/0	0/0	0/0	0/0	0/0	0/0	0/0	0/0	0/0	0/0	0/0	0/0	0/1	0/0	0/0	0/1	0/0	1/1	0/0	0/0
NC_041317.1	79986813	0/0	0/0	0/0	0/0	0/0	1/1	0/1	0/0	0/0	0/0	0/1	0/0	0/0	0/0	0/0	0/0	0/0	0/0	0/0	0/0	0/0	0/0	0/0	0/0	0/0	0/0	0/0	0/0	0/0	0/0	0/0	0/0
NC_041317.1	80149239	0/0	0/0	0/0	0/0	0/0	0/0	0/0	0/0	0/0	0/0	0/0	0/0	0/0	0/0	1/1	0/1	1/1	0/1	0/1	0/1	0/1	1/1	0/1	0/1	0/1	0/1	0/0	0/1	0/1	1/1	0/0	1/1
NC_041317.1	91341712	0/0	0/0	0/0	0/0	0/0	0/0	0/0	0/0	0/0	0/0	0/0	0/0	0/0	0/0	0/0	0/0	0/0	0/0	1|1	1|1	0/0	0/0	0/0	0/0	0/0	0/0	0/0	0/0	0/0	0/0	0/0	0|1
NC_041317.1	93460619	0/0	0/0	0/0	0/0	0/0	0/0	0/0	0/0	0/0	0/0	0/0	0/0	0/0	0/0	0/0	0/0	0/0	0/0	1|1	1/1	0/0	0/0	0/0	0/0	0/0	0/0	0/0	0/0	0/0	0/0	0/0	0/1
NC_041317.1	95285894	0/0	0/0	0/0	0/0	0/1	0/1	0/1	0/1	0/1	0/0	0/1	0/0	0/1	0/0	0/0	0/0	0/0	0/0	0/0	0/0	0/0	0/0	0/0	0/0	0/0	0/0	0/0	0/0	0/0	0/0	0/0	0/0
NC_041317.1	98164231	0/1	0/1	0/1	0|1	0/0	0/0	0/0	0/0	0/0	0/0	0/0	0/0	0/0	0/0	0/0	0/0	0/0	0/0	0/0	0/0	0/0	0/0	0/0	0/0	0/0	0/0	0/0	0/0	0/0	0/0	0/0	0/0
NC_041318.1	8423412	0/0	0/0	0/0	0/0	0/0	0/0	0/0	0/0	0/0	0/0	0/0	0/0	0/0	0/0	0/0	0/1	0/1	0/0	0/0	0/0	0/0	0/0	0/0	1|1	1|1	0/0	0/1	0|1	1|1	0|1	0/0	0/0
NC_041318.1	11274070	0/0	0/0	0/0	0/0	0/0	0/0	0/0	0/0	0/0	0/0	0/0	0/0	0/0	0/0	0/0	0/0	0/0	0/0	1|1	1/1	0/0	0/0	0/1	0/0	0/0	0/0	0/0	0/0	0/1	0/0	1/1	0/0
NC_041318.1	15460182	0/0	0/0	0/0	0/0	0/0	0/0	0/0	0/0	0/0	0/0	0/0	0/0	0/0	0/0	0|1	0/0	0|1	0|1	0/0	0/0	0/0	0/0	0/0	0|1	0/0	0/0	0/0	1|1	0/0	0/0	0/0	0/0
NC_041318.1	15527818	0|1	0/0	0/0	0|1	0|1	0/0	0/0	0/0	0/0	0|1	0/0	0/0	0|1	0/0	0/0	0/0	0/0	0/0	0/0	0/0	0/0	0/0	0/0	0/0	0/0	0/0	0/0	0/0	0/0	0/0	0/0	0/0
NC_041318.1	21619669	0/0	0/0	0/0	0/0	0/0	0/0	0/0	0/0	0/0	0/0	0/0	0/0	0/0	0/0	0/1	0/1	0/0	0/1	0/0	0/0	0/0	0/0	0/0	0/0	0/0	0/1	0/1	0/0	0/0	0/0	0/0	0/0
NC_041318.1	24953074	0/0	0/0	0/0	0/0	0/0	0/0	0/0	0/0	0/0	0/0	0/0	0/0	0/0	0/0	0/1	1/1	0/1	1/1	0/1	0/1	0/0	0/0	0/0	0/1	1/1	0/1	0/0	0/0	0/0	0/0	0/1	0/0
NC_041318.1	25851588	0/1	0/1	0/0	1/1	0/0	0/0	0/0	0/0	0/1	0/1	0/0	0/0	0/1	0/0	0/0	0/0	0/0	0/0	0/0	0/0	0/0	0/0	0/0	0/0	0/0	0/0	0/0	0/0	0/0	0/0	0/0	0/0
NC_041318.1	26126777	0/0	0/0	0/0	0/0	0/0	0/0	0/0	0/0	0/0	0/0	0/0	0/0	0/0	0/0	0/0	0/0	0/0	0/0	0/0	0/0	0/1	0/1	1/1	0/0	0/0	0/0	0/0	0/0	0/0	1/1	0/0	0/0
NC_041318.1	33990027	0/0	0/0	0/1	0/0	0/0	0/0	0/1	0/1	0/0	0/0	0/0	0/1	1/1	1/1	0/0	0/0	0/0	0/0	0/0	0/0	0/0	0/0	0/0	0/0	0/0	0/0	0/0	0/0	0/0	0/0	0/0	0/0
NC_041318.1	33993962	0/0	0/0	0/0	0/0	0/0	0/0	0/0	0/0	0/0	0/0	0/0	0/0	0/0	0/0	0/0	0/0	0/0	0/0	0/0	0/0	0/0	0/0	0/0	0/1	1/1	0/0	0/0	0/0	0/0	0/0	0/0	1/1
NC_041318.1	43545917	0/0	0/0	0/0	0/0	0/0	0/0	0/0	0/0	0/0	0/0	0/0	0/0	0/0	0/0	0/0	0/0	0|1	0/0	0|1	0|1	0/0	0/0	0/0	0/0	0/0	0/0	0/0	0/0	0/0	0/0	0|1	0/0
NC_041318.1	44309460	0/0	0/0	0/0	0/0	0/0	0/0	0/0	0/0	0/0	0/0	0/0	0/0	0/0	0/0	0/0	0/0	0/1	0/0	0/0	0/0	0/1	1/1	0/1	0/0	0/0	0/0	0/0	0/0	0/0	0/0	0/0	0/0
NC_041318.1	46456843	0/0	0/0	0/0	0/0	0/0	0/0	0/0	0/0	0/0	0/0	0/0	0/0	0/0	0/0	0/0	0/0	0/1	0/0	0/0	0/0	0/0	0/1	0/0	0/1	1/1	0/0	0/1	0/0	0/0	0/0	0/1	0/0
NC_041318.1	50045566	0/0	0/0	0/0	0/0	0/0	0/0	0/0	0/0	0/0	0/0	0/0	0/0	0/0	0/0	0/1	1/1	0/1	0/1	1/1	0/1	0/0	1/1	0/1	0/0	0/0	1/1	1/1	1/1	0/1	0/1	0/1	0/1
NC_041318.1	50045730	0/0	0/0	0/0	0/0	0/0	0/0	0/0	0/0	0/0	0/0	0/0	0/0	0/0	0/0	0/1	1/1	0/1	0/1	1/1	1/1	0/1	1/1	0/1	0/0	0/0	1/1	1/1	1/1	0/1	0/1	0/1	1/1
NC_041318.1	56237362	0/0	0/0	0/0	0/0	0/0	0/0	0/0	0/0	0/0	0/0	0/0	0/0	0/0	0/0	0/0	0/0	0/1	0/0	0/0	0/0	0/0	0/1	0/0	0/0	0/0	0/1	0/1	0/0	0/0	0/0	0/0	0/0
NC_041318.1	56857102	1/1	1/1	1|1	1/1	0/0	0/0	0/0	0/0	0/1	0/1	1/1	1/1	0/1	1/1	0/0	0/0	0/0	0/0	0/0	0/0	0/0	0/0	0/0	0/0	0/0	0/0	0/0	0/0	0/0	0/0	0/0	0/0
NC_041318.1	59352078	0/0	0/0	0/0	0/0	0/0	0/0	0/0	0/0	0/0	0/0	0/0	0/0	0/0	0/0	1|1	1/1	1/1	0/1	0/1	1/1	1/1	0/1	0/1	1/1	0/1	0/1	1/1	0|1	1/1	1/1	1/1	0/1
NC_041318.1	61990110	0/0	0/0	0/0	0/0	0/0	0/0	0/0	0/0	0/0	0/0	0/0	0/0	0/0	0/0	0/0	0/0	0/0	0/0	0/0	0/0	0/0	1|1	0|1	0/0	0/0	0/0	0/0	0|1	0/0	0/0	0/0	0/0
NC_041318.1	62875478	0/0	0/0	0/0	0/0	0|1	1|1	0/0	0/0	0/0	0/0	0/0	0/0	0|1	0/0	0/0	0/0	0/0	0/0	0/0	0/0	0/0	0/0	0/0	0/0	0/0	0/0	0/0	0/0	0/0	0/0	0/0	0/0
NC_041318.1	62881648	0/0	0/0	0/0	0/0	0/1	1|1	0/0	0/0	0/0	0/0	0/0	0/0	0/1	0/0	0/0	0/0	0/0	0/0	0/0	0/0	0/0	0/0	0/0	0/0	0/0	0/0	0/0	0/0	0/0	0/0	0/0	0/0
NC_041318.1	62937015	0/0	0/0	0/0	0/0	0/0	0/0	0/0	0/0	0/0	0/0	0/0	0/0	0/0	0/0	0/0	0/0	0/0	0/0	0/0	0/0	0/0	0/0	0/0	0/0	0/0	0/0	0/0	0|1	1/1	0/1	0/0	0/0
NC_041318.1	68474452	0/0	0/0	0/0	0/0	0/0	0/0	0/0	0/0	0/0	0/0	0/0	0/0	0/0	0/0	0/0	1/1	0/1	0/1	1/1	0/1	0/0	0/1	0/0	1/1	1/1	0/0	1/1	0/1	0/0	0/1	0/1	0/0
NC_041318.1	68865927	0/0	0/0	0/0	0/0	0/0	0/0	0/0	0/0	0/0	0/0	0/0	0/0	0/0	0/0	0/0	0/0	0/0	0|1	0/0	0/0	0/0	0/0	0/0	0/0	0|1	0|1	0/0	0|1	0/0	0/0	0/0	0|1
NC_041318.1	68941647	0/0	0/0	0/0	0/0	0/0	0/0	0/0	0/0	0/0	0/0	0/0	0/0	0/0	0/0	0/0	0/0	0/1	0/1	0/0	0/0	0/1	0/0	0/0	0/0	0/0	0/0	0/0	0/0	0/0	0/0	0/1	0/0
NC_041318.1	68954713	0/0	0/0	0|1	0/1	0/0	0/0	0/0	0/0	0/1	0|1	0/0	0/0	0/0	0/0	0/0	0/0	0/0	0/0	0/0	0/0	0/0	0/0	0/0	0/0	0/0	0/0	0/0	0/0	0/0	0/0	0/0	0/0
NC_041318.1	79613720	0/0	0/0	0/0	0/0	0/0	0/0	0/0	0/0	0/0	0/0	0/0	0/0	0/0	0/0	0|1	0/0	0/0	0|1	0|1	0/0	0/0	0/0	0/0	0/0	0/0	0/0	0/0	0/0	0/0	0/0	0|1	0/0
NC_041318.1	84934471	1/1	0|1	1/1	1/1	0/0	0/0	0/0	0/0	1/1	0|1	0/0	0|1	0/0	0|1	0/0	0/0	0/0	0/0	0/0	0/0	0/0	0/0	0/0	0/0	0/0	0/0	0/0	0/0	0/0	0/0	0/0	0/0
NC_041318.1	86939329	0/0	0/0	0/0	0/0	0/0	0/0	0/0	0/0	0/0	0/0	0/0	0/0	0/0	0/0	0/0	0/0	0/0	0/0	0/0	0/1	0/0	0/0	0/0	0/0	0/0	0/0	0/1	0/0	0/1	0/1	0/0	0/0
NC_041318.1	87423911	1/1	0/1	0/1	0/0	0/0	0/0	0/0	0/0	0/0	1/1	0/0	0|1	0/0	0/0	0/0	0/0	0/0	0/0	0/0	0/0	0/0	0/0	0/0	0/0	0/0	0/0	0/0	0/0	0/0	0/0	0/0	0/0
NC_041319.1	1233748	0/0	0/0	0/0	0/0	0/0	0/0	0/0	0/0	0/0	0/0	0/0	0/0	0/0	0/0	0/0	0/0	0/0	0/0	0/0	0|1	0/0	0|1	0/0	0/0	0/0	0/0	0/0	0/0	1|1	1|1	0/0	0/0
NC_041319.1	1311503	1|1	1|1	0|1	0/0	0/0	0/0	0/0	0/0	0/0	0/0	0/0	0/0	0/0	0/0	0/0	0/0	0/0	0/0	0/0	0/0	0/0	0/0	0/0	0/0	0/0	0/0	0/0	0/0	0/0	0/0	0/0	0/0
NC_041319.1	1530923	0|1	0|1	0|1	0|1	0|1	0/0	0/0	0|1	0/0	0|1	0|1	0/0	0/0	0/0	0/0	0/0	0/0	0/0	0/0	0/0	0/0	0/0	0/0	0/0	0/0	0/0	0/0	0/0	0/0	0/0	0/0	0/0
NC_041319.1	3872266	0/0	0/0	0/0	0/0	0/0	0/0	0/0	0/0	0/0	0/0	0/0	0/0	0/0	0/0	0/0	0/0	0/0	0/0	0/0	0/0	0/0	0/0	0/1	0|1	1|1	0/0	0/1	0|1	0/0	0/0	0/0	0/0
NC_041319.1	11954409	0/0	0|1	0/0	0/0	0/0	0|1	0/0	0|1	0/0	0|1	0|1	0|1	0|1	0/0	0/0	0/0	0/0	0/0	0/0	0/0	0/0	0/0	0/0	0/0	0/0	0/0	0/0	0/0	0/0	0/0	0/0	0/0
NC_041319.1	14569124	1/1	1/1	1/1	0/1	1/1	0/0	0/0	0/0	0/1	0/0	0/0	0/0	0/0	1/1	0/0	0/0	0/0	0/0	0/0	0/0	0/0	0/0	0/0	0/0	0/0	0/0	0/0	0/0	0/0	0/0	0/0	0/0
NC_041319.1	16089634	0/0	0/0	0/0	0/0	0/0	0/0	0/0	0/0	0/0	0/0	0/0	0/0	0/0	0/0	0/0	0/0	0/1	0/1	1/1	1/1	0|1	0/1	0/1	0/0	1/1	1|1	1/1	1/1	0/1	0/1	0/1	0/1
NC_041319.1	16233942	0/0	0/0	0/0	0/0	0/0	0/0	0/0	0/0	0/0	0/0	0/0	0/0	0/0	0/0	0/0	0/0	0/0	0/0	0/0	0/0	0/0	0/0	0/0	1|1	1|1	0|1	0|1	0/0	0/0	0/0	0/0	0/0
NC_041319.1	17008765	0/0	0/0	0/0	0/0	0/0	0/0	0/0	0/0	0/0	0/0	1/1	1/1	0/0	0/0	0/0	0/0	0/0	0/0	0/0	0/0	0/0	0/0	0/0	0/0	0/0	0/0	0/0	0/0	0/0	0/0	0/0	0/0
NC_041319.1	18190857	0/0	0/0	0/0	0/0	1/1	0/0	0/1	0/0	0/0	0/0	0/0	0/1	0/0	0/0	0/0	0/0	0/0	0/0	0/0	0/0	0/0	0/0	0/0	0/0	0/0	0/0	0/0	0/0	0/0	0/0	0/0	0/0
NC_041319.1	18378417	0/0	0/1	0/0	0/0	0/0	0/0	0/0	0/0	0/0	1/1	0/0	0/0	0/0	1/1	0/0	0/0	0/0	0/0	0/0	0/0	0/0	0/0	0/0	0/0	0/0	0/0	0/0	0/0	0/0	0/0	0/0	0/0
NC_041319.1	19068787	0/0	0/0	0/0	0/0	0/0	0/0	0/0	0/0	0/0	0/0	0/0	0/0	0/0	0/0	0/0	0/0	0/0	0/0	0/0	0/0	0/0	0/0	1|1	0/0	0/0	0/0	0/0	0/0	0|1	0|1	0/0	0/0
NC_041319.1	19234762	0/0	0/0	0/0	0/0	0/0	0/0	0/0	0/0	0/0	0/0	0/0	0/0	0/0	0/0	0/1	0/1	0/0	0/0	0/0	0/0	0/0	0/0	0/0	0/0	0/0	0/1	0/1	0/0	0/0	0/0	0/0	0/0
NC_041319.1	24981247	0/0	0/0	0/0	0/0	0/0	0/0	0/0	0/0	0/0	0/0	0/0	0/0	0/0	0/0	0/1	0/0	0|1	0/0	0/0	0/0	0/0	0/0	0/0	0/0	0/0	0/0	0/0	0/0	0/1	0/1	0/0	0/0
NC_041319.1	25193283	0/0	0/1	0/1	0/1	0/0	0/0	0/0	0/1	0/0	1/1	0/1	0/1	0/0	0/1	0/0	0/0	0/0	0/0	0/0	0/0	0/0	0/0	0/0	0/0	0/0	0/0	0/0	0/0	0/0	0/0	0/0	0/0
NC_041319.1	29522803	0/0	0/0	0/0	0/0	0/0	0/0	0/0	0/0	0/0	0/0	0/0	0/0	0/0	0/0	0/0	0/0	0/0	0/0	0/1	0/1	0/0	0/0	0/0	0/0	0/0	0/0	0/0	0/1	0/0	0/0	0/1	1/1
NC_041319.1	33391562	0/0	0/0	0/0	0/0	0/0	0/0	0/0	0/0	0/0	0/0	0/0	0/0	0/0	0/0	0/0	0/0	0/1	0/0	0/0	0/0	0/0	0/1	0/0	0/0	0/0	0/0	0/0	0/0	1/1	1/1	0/0	0/0
NC_041319.1	33402799	0/0	0/0	0/1	0/1	0/0	0/0	0/0	1/1	0/0	0/0	0/1	0/0	1/1	0/0	0/0	0/0	0/0	0/0	0/0	0/0	0/0	0/0	0/0	0/0	0/0	0/0	0/0	0/0	0/0	0/0	0/0	0/0
NC_041319.1	33985414	0/0	0/0	0/0	0/0	0/0	1|1	1|1	0/0	0/1	0/0	0/1	0/0	0/0	0/1	0/0	0/0	0/0	0/0	0/0	0/0	0/0	0/0	0/0	0/0	0/0	0/0	0/0	0/0	0/0	0/0	0/0	0/0
NC_041319.1	37438737	1|1	1|1	1|1	1|1	1|1	1|1	0|1	1|1	1|1	1|1	1|1	1|1	1|1	1|1	0|1	1|1	0/0	0|1	1|1	0|1	0/1	0|1	0/0	0/0	0/0	0|1	0|1	1|1	0/1	1|1	0|1	0/0
NC_041319.1	39306795	0/0	0/0	0/0	0/0	0/0	0/0	0/0	0/0	0/0	0/0	0/0	0/0	0/0	0/0	0|1	0/0	0/0	0|1	1|1	1|1	0|1	0|1	0/0	0/0	0/0	0/0	0|1	0/0	1|1	1|1	1|1	1|1
NC_041319.1	41224393	0/0	0/0	0/0	0/0	0/0	0/0	0/0	0/0	0/0	0/0	0/0	0/0	0/0	0/0	0/1	0/0	0/0	0/0	0/0	0/0	0/0	0/0	0|1	0/1	0/0	0/1	0/0	0/0	0|1	1|1	0/0	0/0
NC_041319.1	47383364	1|1	1|1	1|1	1|1	1|1	0/0	0/0	0/0	0/0	1|1	0/0	0/0	1|1	0/0	0/0	0/0	0/0	0/0	0/0	0/0	0/0	0/0	0/0	0/0	0/0	0/0	0/0	0/0	0/0	0/0	0/0	0/0
NC_041319.1	48050129	0/0	0/0	0/0	0/0	0/0	0/0	0/0	0/0	0/0	0/0	0/0	0/0	0/0	0/0	0/0	0/0	0|1	0/0	1|1	0|1	0/1	1/1	0|1	0/0	1/1	0|1	0|1	1|1	0/0	0/0	0|1	0/0
NC_041319.1	48150671	0/0	0/0	0/1	0/0	0/0	0/1	0/1	1/1	0/0	0/0	0/0	0/0	0/0	0/0	0/0	0/0	0/0	0/0	0/0	0/0	0/0	0/0	0/0	0/0	0/0	0/0	0/0	0/0	0/0	0/0	0/0	0/0
NC_041319.1	49010424	0/0	0/0	0/0	0/0	0/0	0/0	0/0	0/0	0/0	0/0	0/0	0/0	0/0	0/0	0|1	1|1	1|1	1|1	1|1	1|1	1|1	1|1	0|1	0|1	1|1	1|1	1|1	1|1	0|1	1|1	1|1	1|1
NC_041319.1	49155538	0/0	0/0	0/1	1/1	0/0	0/0	0/0	0/0	0/0	0/0	0/0	0/1	0/0	0/0	0/0	0/0	0/0	0/0	0/0	0/0	0/0	0/0	0/0	0/0	0/0	0/0	0/0	0/0	0/0	0/0	0/0	0/0
NC_041319.1	63349560	0/0	0/0	0/0	0/0	0/0	0/0	0/0	0/0	0/0	0/0	0/0	0/0	0/0	0/0	0/1	0/1	0/0	0/0	1/1	0/1	0/0	0/0	0/0	0/0	0/0	0/1	0/0	0/0	0/0	0/0	0/1	0/0
NC_041319.1	71492286	0/0	0/0	0/0	0/0	0/0	1|1	1|1	0|1	0|1	0|1	1|1	1|1	1|1	1|1	0/1	0/0	1|1	0/1	0/0	0/1	0|1	0/0	0/1	0/0	1|1	0/1	0/1	0/1	0/0	0/0	0/0	0/0
NC_041319.1	75629298	0/0	0/0	0/0	0/0	0/0	0/0	0/0	0/0	0/0	0/0	0/0	0/0	0/0	0/0	0/0	0/0	1|1	0/0	1|1	0/1	0/1	0/1	1|1	0/0	0/0	0/0	0/0	0/0	0/0	0/0	0/1	1|1
NC_041319.1	78723556	0/0	0/0	0/0	0/0	0/0	0/0	0/0	0/0	0/0	0/0	0/0	0/0	0/0	0/0	0/0	0/0	0|1	0/0	0|1	0/0	0/1	0/0	0/0	0/0	0/0	0/0	0/0	0/0	0/0	0|1	0/0	0/0
NC_041319.1	78723557	0/0	0/0	0/0	0/0	0/0	0/0	0/0	0/0	0/0	0/0	0/0	0/0	0/0	0/0	0/0	0/0	0|1	0/0	0|1	0/0	0/1	0/0	0/0	0/0	0/0	0/0	0/0	0/0	0/0	0|1	0/0	0/0
NC_041319.1	79763744	0/0	0/0	0/0	0/0	0/0	0/0	0/0	0/0	0/0	0/0	0/0	0/0	0/0	0/0	0/1	0/0	1/1	0|1	0/1	0/1	1/1	0|1	0|1	0/0	0/0	0/0	0/0	1/1	0/0	0/0	0/1	0/0
NC_041319.1	86349855	0/0	0/0	0/0	0/0	0/0	0/0	0/0	0/0	0/0	0/0	0/0	0/0	0/0	0/0	1|1	0/1	0/0	0/0	0/0	0/0	0/1	0/0	0/0	0/1	0/1	0/0	0/0	0/0	0/0	0/0	0/0	0/0
NC_041320.1	3016555	0/0	0/0	0/0	0/0	0/0	0/0	0/0	0/0	0/0	0/0	0/0	0/0	0/0	0/0	0/0	0/0	0/0	0/1	0/0	0/0	0/1	0/1	0|1	0/0	0/0	0/0	0/0	0/0	0/0	0/0	0/0	0/0
NC_041320.1	4748050	0/0	0/0	0/0	0/0	0/0	0/0	0/0	0/0	0/0	0/0	0/0	0/0	0/0	0/0	0|1	0|1	0/0	0/0	0/0	0/0	0/0	0/0	0/0	0/0	0/0	0/0	0/0	0/0	0/0	0/0	1|1	0/0
NC_041320.1	5473094	0/0	0/0	0/0	0/0	0/0	0/0	0/0	0/0	0/0	0/0	0/0	0/0	0/0	0/0	0/0	0/1	0/0	0/0	0/0	0/0	0/0	0/0	0/0	1/1	0/1	0/0	0/0	0/0	0/0	0/0	0/0	0/0
NC_041320.1	5674906	0/0	0/0	0/0	0|1	0/0	0/0	0/0	0/0	0/0	0/0	0/0	0/0	0/0	0/0	0|1	0|1	1|1	1|1	1|1	1|1	0/0	0|1	1|1	0|1	0|1	0|1	1|1	1|1	0|1	1|1	0/0	1|1
NC_041320.1	17461370	0/0	0/0	0/0	0/0	0/0	0/0	0/0	0/0	0/0	0/0	0/0	0/0	0/0	0/0	0/0	0/1	0/1	0/0	0/0	0/0	0/1	0/0	0/0	0/0	0/1	0/0	0/0	0/0	0/1	0/0	0/0	0/0
NC_041320.1	41071367	1|1	0|1	1|1	0|1	1|1	0/0	0/0	0|1	1|1	1|1	0/0	0/0	1|1	1|1	0/0	0/0	0/0	0/0	0/0	0/0	0/0	0/0	0/0	0/0	0/0	0/0	0/0	0/0	0/0	0/0	0/0	0/0
NC_041320.1	53796503	0/0	0/0	0/0	0/0	0/0	0/0	0/0	0/0	0/0	0/0	0/0	0/0	0/0	0/0	0/0	0/1	0/0	0/0	0/1	0/0	0/1	0/0	0/0	0/0	0/0	0/1	1/1	0/0	0/0	0/0	0/1	0/0
NC_041320.1	53796529	0/0	0/0	0/0	0/0	0/0	0/0	0/0	0/0	0/0	0/0	0/0	0/0	0/0	0/0	0/0	0|1	0/0	0/0	0|1	0/0	0|1	0/0	0/0	0/0	0/0	0|1	1|1	0/0	0/0	0/0	0|1	0/0
NC_041320.1	57811744	0|1	0|1	0|1	0|1	0|1	0/0	0|1	0|1	0|1	0|1	0/0	0/0	0|1	0|1	0/0	0/0	0/0	0/0	0/0	0/0	0/0	0/0	0/0	0/0	0/0	0/0	0/0	0/0	0/0	0/0	0/0	0/0
NC_041320.1	58044991	1|1	1|1	1|1	1/1	0/0	0/0	0/0	0|1	0|1	1|1	0/0	0|1	1|1	0|1	0/0	0/0	0|1	0/0	0/0	0/0	0|1	0/0	1|1	0/0	0/0	0/1	0|1	0|1	0/0	0/0	0/0	0/0
NC_041320.1	63429817	0/0	0/0	0/0	0/0	0/0	0/0	0/0	0/0	0/0	0/0	0/0	0/0	0/0	0/0	0/0	0|1	0/0	0/0	0|1	0/0	0/0	0/0	0/0	0|1	0/0	0|1	0/0	0/0	0/0	0/0	0|1	0|1
NC_041320.1	68814005	0/0	0/0	0/0	0/0	0/0	0/0	0/0	0/0	0/0	0/0	0/0	0/0	0/0	0/0	0/1	0/1	0/0	0/1	1/1	1/1	0/0	0/0	0/1	0/0	0/1	0/0	0/0	0/0	0/1	1/1	0/1	0/1
NC_041321.1	1666644	0/0	0/0	0/0	0/0	0/1	1/1	1/1	0/1	0/0	0/0	0/1	0/1	1/1	0/1	0/0	0/0	0/0	0/0	0/0	0/0	0/0	0/0	0/0	0/0	0/0	0/0	0/0	0/0	0/0	0/0	0/0	0/0
NC_041321.1	2567801	0/0	0/0	0/0	0/0	0/0	0/0	0/0	0/0	0/0	0/0	0/0	0/0	0/0	0/0	0/0	0/0	0/1	0/1	0/0	0/0	0/0	0/0	0/1	0/0	0/0	0/1	0/1	0/0	0/0	0/0	0/1	0/1
NC_041321.1	9205577	0/0	0/0	0/0	0/0	0/0	0/0	0/0	0/0	0/0	0/0	0/0	0/0	0/0	0/0	0/1	0/0	0/0	0/0	0/1	1/1	0/0	0/0	0/1	0/0	0/0	0/0	0/0	0/0	0/0	0/0	0/0	0/0
NC_041321.1	20207242	0/0	0/0	0/0	0/0	0/0	0/0	0/0	0/0	0/0	0/0	0/0	0/0	0/0	0/0	0/0	0/1	0/1	0/0	0/0	0/0	1/1	0/1	0/0	0/0	0/0	0/0	0/1	0/0	0/0	0/0	0/0	0/0
NC_041321.1	29163812	0/0	0/0	0/0	0/0	0/0	0/0	0/0	0/0	0/0	0/0	0/0	0/0	0/0	0/0	0/0	1|1	0/0	1|1	0/0	0/1	1|1	0/1	0|1	0|1	0/0	1|1	0|1	1|1	0/0	0/0	0|1	0/0
NC_041321.1	32438410	0/0	0/0	0/0	0/0	0/0	0/0	0/0	0/0	0/0	0/0	0/0	0/0	0/0	0/0	0/1	0/0	0/0	0/0	0/1	0/1	0/0	1/1	0/1	1/1	1/1	0/1	0/1	0/1	0/1	0/1	0/0	0/0
NC_041321.1	34872717	0/0	0/0	0/0	0/0	0/0	0/0	0/0	0|1	0/0	0|1	0|1	0/0	1|1	0|1	0/0	0/0	0/0	0/0	0/0	0/0	0/0	0/0	0/0	0/0	0/0	0/0	0/0	0/0	0/0	0/0	0/0	0/0
NC_041321.1	41686340	0/0	0/0	0/0	0/0	0/0	0/0	0/0	0/0	0/0	0/0	0/0	0/0	0/0	0/0	0/0	0/1	1/1	0/1	0/0	1/1	0/1	1/1	0/1	0/0	0/0	0/0	0/1	1/1	0/1	0/0	0/1	1/1
NC_041321.1	42940979	0/0	0/0	0/0	0/0	0/0	0/0	0/0	0/0	0/0	0/0	0/0	0/0	0/0	0/0	0/0	0/0	0/0	0/0	0/0	0/1	0/0	0/0	0/0	0/0	0/0	0/0	0/1	0/0	0/0	0/0	0/0	1/1
NC_041321.1	43269890	0/0	0/0	0/0	0/0	0/0	0/0	0/0	0/0	0/0	0/0	0/0	0/0	0/0	0/0	0/1	0/1	0/0	0/0	0/1	0/0	0/0	0/0	0/0	0/0	0/0	0/0	0/0	0/1	0/1	1/1	0/0	0/0
NC_041321.1	43390849	1/1	1|1	0/0	0/0	0/0	0/0	0/0	0/0	0/1	0/1	0/0	0/0	0/0	0/0	0/0	0/0	0/0	0/0	0/0	0/0	0/0	0/0	0/0	0/0	0/0	0/0	0/0	0/0	0/0	0/0	0/0	0/0
NC_041321.1	49231945	0/0	0/0	0/0	0/0	0/0	0/0	0/0	0/0	0/0	0/0	0/0	0/0	0/0	0/0	0/0	0/0	0/0	0|1	0/0	0|1	0/0	0|1	0/0	0/0	0/0	0/0	0/0	0/0	0/0	0/0	0/0	1|1
NC_041321.1	52882304	0/0	1|1	0/0	0/1	0/1	0/0	0/0	0/1	0/0	0/0	0/0	0/0	0/0	0/1	0/0	0/0	0/0	0/0	0/0	0/0	0/0	0/0	0/0	0/0	0/0	0/0	0/0	0/0	0/0	0/0	0/0	0/0
NC_041321.1	69614671	0/0	0/0	0/0	0/0	0/0	0/0	0/0	0/0	0/0	0/0	0/0	0/0	0/0	0/0	0/0	0/0	0/0	0/0	0/0	0/0	0/0	0/0	0/0	0/1	0/1	0/1	0/1	0/0	0/0	0/0	0/0	0/0
NC_041321.1	73776611	0/0	0/0	0/0	0/0	0/0	0/0	0/0	0/0	0/0	0/0	0/0	0/0	0/0	0/0	0|1	0|1	0/0	0/0	0|1	0|1	0/0	0/0	0/0	0|1	0|1	0/0	1|1	0/0	0/0	0/0	0/0	0/0
NC_041322.1	138019	0/0	0/0	0/0	0/0	0/0	0/0	0/0	0/0	0/0	0/0	0/0	0/0	0/0	0/0	0/0	0/0	0/0	0/0	0/0	0/0	0/0	0/0	0/0	1/1	0/1	0/0	0/1	0/0	0/0	0/0	0/0	0/0
NC_041322.1	13887885	1|1	0|1	0/0	1|1	1|1	0/0	0/0	1|1	1|1	0|1	0|1	0/0	0|1	0/0	0|1	1|1	0/0	0|1	0|1	0|1	0/0	0|1	1|1	0|1	1|1	1|1	1|1	0|1	0|1	0|1	1|1	1|1
NC_041322.1	17219321	0/0	0/0	0/0	0/0	0/0	0/0	0/0	0/0	0/0	0/0	0/0	0/0	0/0	0/0	0/0	0/0	0|1	0/0	0/0	0/0	0|1	0/0	0/0	1|1	0/0	0/0	0/0	0/0	0/0	0/0	0/0	0/0
NC_041322.1	29741469	0/0	0/0	0/0	0/0	0/0	0/0	0/0	0/0	0/0	0/0	0/0	0/0	0/0	0/0	0/0	0/0	0/0	0/1	0/0	0/0	0/0	0/0	0/0	0/1	0/0	0/0	0/0	1/1	0/0	0/0	0/0	0/0
NC_041322.1	38894967	0/0	0/0	0/0	0/0	0/0	0/0	0/0	0/0	0/0	0/0	0/0	0/0	0/0	0/0	0/0	0/0	0|1	0/0	0/0	1|1	0/0	0/0	0/0	0/0	0|1	0|1	0|1	1|1	0/0	0/0	1|1	0|1
NC_041322.1	61944770	0/0	0/0	0/0	0/0	0/0	0/0	0/0	0/0	0/0	0/0	1|1	1|1	0/0	0/0	0/0	0/0	0/0	0/0	0/0	0/0	0/0	0/0	0/0	0/0	0/0	0/0	0/0	0/0	0/0	0/0	0/0	0/0
NC_041322.1	64969294	1/1	1/1	1/1	1/1	1/1	0/0	0/0	1/1	1/1	1/1	1/1	1/1	1/1	1/1	0/0	0/0	0/0	0/0	0/0	0/0	0/0	0/0	0/0	0/0	0/0	0/0	0/0	0/0	0/0	0/0	0/0	0/0
NC_041323.1	1233578	0/1	0/1	0/0	0/0	0/0	0/0	0/0	0/0	0/0	0/1	0/1	0/0	0/0	0/0	0/0	0/0	0/0	0/0	0/0	0/0	0/0	0/0	0/0	0/0	0/0	0/0	0/0	0/0	0/0	0/0	0/0	0/0
NC_041323.1	4390569	0/0	0/0	0/0	0/0	0/0	0/0	0/0	0/0	0/0	0/0	0/0	0/0	0/0	0/0	0/0	0/0	0|1	0|1	0|1	0|1	0/0	0|1	0|1	0/0	0/0	0|1	0|1	0|1	1|1	1|1	0/0	0|1
NC_041323.1	6811887	0/0	0/0	0/0	0/1	0/0	0/0	0|1	0/0	0/0	0/0	0/0	0/0	0/0	0/0	0/1	0|1	0|1	0|1	0/1	0|1	1|1	0/0	1|1	0/0	0|1	0|1	0|1	1|1	0|1	0/0	0|1	0|1
NC_041323.1	9351481	0/0	0/0	0/0	0/0	0/0	0/0	0/0	0/0	0/0	0/0	0/0	0/0	0/0	0/0	0/0	0/0	0/0	0|1	0/0	0/0	0/0	0|1	0/0	0|1	0/0	0/0	0/0	0|1	0/0	0/0	0/0	0/0
NC_041323.1	21440068	0/0	0/0	0/0	0/0	0/0	0/0	0/0	0/1	0/1	0/0	0/0	0/0	0/1	0/1	0/0	0/0	0/0	0/0	0/0	0/0	0/0	0/0	0/0	0/0	0/0	0/0	0/0	0/0	0/0	0/0	0/0	0/0
NC_041323.1	22429649	0/0	0/0	0/0	0/0	0/0	0/1	0/0	1/1	0/1	0/0	0/0	0/0	0/0	0/0	0/0	0/0	0/0	0/0	0/0	0/0	0/0	0/0	0/0	0/0	0/0	0/0	0/0	0/0	0/0	0/0	0/0	0/0
NC_041323.1	27634933	0/0	0/0	0/0	0/0	0/0	0/0	0/0	0/0	0/0	0/0	0/0	0/0	0/0	0/0	0/0	0/0	1/1	0|1	0/1	0/1	0/1	1/1	1/1	0/1	0/0	0/0	1/1	0/0	0/0	0/1	0/0	0/0
NC_041323.1	31372969	0/0	0/0	0/0	0/0	0/0	0/0	0/0	0/0	0/0	0/0	0/0	0/0	0/0	0/0	0/0	1|1	0|1	0/0	0/0	0/0	0/0	0/0	0|1	0/0	0/0	0|1	0|1	0/0	1|1	1|1	0/0	0/0
NC_041323.1	34986334	0/0	0/0	0/0	0/0	0/0	0/0	0/0	0/0	0/0	0/0	0/0	0/0	0/0	0/0	0/1	0/0	0/0	0/1	0/1	1/1	0/1	1/1	0/0	0/1	0/0	0/0	0/0	0/1	0/0	0/0	1/1	0/1
NC_041323.1	37190238	0/0	0/0	0/0	0/0	0/0	0/0	0/0	0/0	0/0	0/0	0/0	0/0	0/0	0/0	0/0	0/0	0/0	0/1	0/0	0/0	0/0	0/0	0/0	0/1	0/1	0/1	0/0	0/1	0/0	0/0	0/0	1/1
NC_041323.1	47508163	0/0	0/0	0/0	0/0	0/0	0/0	0/0	0/0	0/0	0/0	0/0	0/0	0/0	0/0	1|1	0|1	1|1	0|1	0/1	1|1	0/0	0|1	0/0	0|1	1|1	0|1	1|1	1|1	0/0	0/0	0/1	0/0
NC_041323.1	48007182	0/0	0/0	0/0	0/0	0/0	0/0	0/0	0/0	0/0	0/0	0/0	0/0	0/0	0/0	0/0	0|1	0/0	0/0	0/1	0/1	0/0	0/0	0|1	0/0	0/0	0/1	0/0	0/0	0/0	0/0	0/1	0/0
NC_041323.1	50708292	0/0	0/0	0/0	0/0	0/0	0/0	0/0	0/0	0/0	0/0	0/0	0/0	0/0	0/0	1/1	1/1	1/1	0/1	1/1	1/1	1/1	1/1	1/1	1/1	1/1	1/1	0/1	1/1	1/1	1/1	1/1	1|1
NC_041323.1	54038367	0/0	0/0	0/0	0/0	0/0	0/0	0/0	0/0	0/0	0/0	0/0	0/0	0/0	0/0	1/1	1/1	0/0	1/1	0/1	1/1	0/1	0/1	1/1	0/0	0/0	0/0	0/0	1/1	0/0	0/1	0/0	0/0
NC_041323.1	57643353	0/0	0/0	0/0	0/0	0/0	0/0	0/0	0/0	0/0	0/0	0/0	0/0	0/0	0/0	0/0	0/1	0/1	0/1	0/1	0/1	0/1	0/1	0/0	0/0	0/1	0/0	0/0	0/1	0/1	0/1	0/1	0/1
NC_041324.1	4125016	0/0	0/0	0/0	0/0	0/0	0/0	0/0	0/0	0/0	0/0	0/0	0/0	0/0	0/0	0/0	0/1	0/0	0/0	0/1	0/0	1/1	0/0	0/0	0/1	0/1	0/0	0/1	1/1	0/0	0/0	0/0	0/0
NC_041324.1	7968903	1/1	1/1	1/1	1/1	1/1	0/0	0/0	1/1	1/1	1/1	0/0	0/0	1/1	1/1	0/0	0/0	0/0	0/0	0/0	0/0	0/0	0/0	0/0	0/0	0/0	0/1	0/0	0/0	0/0	0/0	0/0	0/0
NC_041324.1	12530591	0/0	0/0	0/0	0/0	0/0	0/0	0/0	0/0	0/0	0/0	0/0	0/0	0/0	0/0	0|1	0|1	0/0	0|1	1|1	1|1	0|1	0/0	0|1	0/0	0/0	0/0	0/0	0|1	1|1	1|1	0|1	0|1
NC_041324.1	18254476	0/0	0/0	0/0	0/0	0/0	0/1	0/1	0/1	1/1	0/1	0/0	0/0	0/1	0/1	0/0	0/0	0/0	0/0	0/0	0/0	0/0	0/0	0/0	0/0	0/0	0/0	0/0	0/0	0/0	0/0	0/0	0/0
NC_041324.1	29264485	0/1	0/1	0/1	0/1	0/1	0/0	0/0	1/1	0/0	0/0	0/0	0/0	0/1	0/0	0/0	0/0	0/0	0/0	0/0	0/0	0/0	0/0	0/0	0/0	0/0	0/0	0/0	0/0	0/0	0/0	0/0	0/0
NC_041324.1	29386149	0/1	0/1	0/0	0/1	0/0	0/0	0/0	1/1	0/0	0/0	0/0	0/0	0/0	0/0	0/0	0/0	0/0	0/0	0/0	0/0	0/0	0/0	0/0	0/0	0/0	0/0	0/0	0/0	0/0	0/0	0/0	0/0
NC_041324.1	29482694	0|1	0/1	0/0	0|1	0/0	0/0	0/0	0|1	0/0	0/0	0/0	0/0	0/0	0|1	0/0	0/0	0/0	0/0	0/0	0/0	0/0	0/0	0/0	0/0	0/0	0/0	0/0	0/0	0/0	0/0	0/0	0/0
NC_041324.1	29554649	0/0	0/0	0/1	0/0	0/0	0/0	0/0	0/0	0/0	1|1	0/0	0/0	0/1	0/0	0/0	0/0	0/0	0/0	0/0	0/0	0/0	0/0	0/0	0/0	0/0	0/0	0/0	0/0	0/0	0/0	0/0	0/0
NC_041324.1	29713353	0/1	0/0	0/1	0/1	0/0	0/0	0/0	0/0	0/1	0|1	0/0	0/0	0/0	0|1	0/0	0/0	0/0	0/0	0/0	0/0	0/0	0/0	0/0	0/0	0/0	0/0	0/0	0/0	0/0	0/0	0/0	0/0
NC_041324.1	30242043	0/0	0/0	0/0	0/0	0/0	0/0	0/0	0/0	0/0	0/0	0/0	0/0	0/0	0/0	0/1	0/0	0/0	0/1	0/0	0/0	0/0	1/1	0/0	0/0	0/0	0/0	0/1	0/0	0/0	0/0	1/1	0/0
NC_041324.1	31250445	0/0	0/0	0/0	0/0	0/0	0/0	0/0	0/0	0/0	0/0	0/0	0/0	0/0	0/0	0/0	0/0	0/0	0/0	0/0	0/0	0/0	0/0	0/0	1/1	1/1	0/0	0/0	0/0	0/0	0/0	0/0	0/0
NC_041324.1	31429423	0|1	1|1	0|1	1|1	0/0	0|1	0/0	0/0	0/0	1|1	0|1	0/0	0|1	0/0	0/0	0/0	0/0	0/0	0/0	0/0	0/0	0/0	0/0	0/0	0/0	0/0	0/0	0/0	0/0	0/0	0/0	0/0
NC_041324.1	31977629	0/1	0/1	0/0	0/1	0/0	0/0	0/0	0/1	0/0	0/1	0/0	0/0	0/0	0/0	0/0	0/0	0/0	0/0	0/0	0/0	0/0	0|1	0/0	0/0	0/0	0/0	0/0	0/0	0/0	0/0	0/0	0/0
NC_041324.1	32002606	0/0	0/0	0/0	0/0	0/0	0/0	0/0	0/0	0/0	0/0	0/0	0/0	0/0	0/0	0/1	1/1	0/0	0/1	0/1	1/1	1/1	0/0	0/1	1/1	1/1	1/1	1/1	0/0	0/0	0/1	0/0	0/0
NC_041324.1	33800290	0|1	0|1	0|1	0|1	0|1	0|0	0|1	0|1	0|1	0|1	0|1	0|1	0|1	0|1	0/0	0/0	0/0	0/0	0/0	0/0	0/0	0/0	0/0	0/0	0/0	0/0	0/0	0/0	0/0	0/0	0/0	0/0
NC_041324.1	33814042	0/0	0/0	0/0	0/0	0/0	0/0	0/0	0/0	0/0	0/0	0/0	0/0	0/0	0/0	0/0	0/0	0/0	0/0	0/1	0|1	0/0	0/0	0/0	0/0	0/0	0/0	0/0	0/1	0/0	0/0	0/1	0/0
NC_041324.1	33879721	0/0	0/0	0/0	0/0	0/0	0/0	0/0	0/0	0/0	0/0	0/0	0/0	0/0	0/0	0/1	0/0	0/0	0/0	0/1	0/1	0/0	0/0	0/0	0/0	0/0	0/0	0/0	0/0	0/0	0/0	1/1	0/1
NC_041324.1	33898228	0/0	0/0	0|1	0/0	0|1	0|1	0/0	0/1	0/0	0|1	0/0	0/0	0/1	0/1	0/0	0/0	0/0	0/0	0/0	0/0	0/0	0/0	0/0	0/0	0/0	0/0	0/0	0/0	0/0	0/0	0/0	0/0
NC_041324.1	34159435	0|1	0|1	1|1	0/0	0|1	0|1	1|1	1|1	0/0	0|1	1|1	1|1	1|1	0|1	0/0	0/0	0/0	0/0	0/0	0/0	0/0	0/0	0/0	0/0	0/0	0/0	0/0	0/0	0/0	0/0	0/0	0/0
NC_041324.1	34857479	0/0	0/0	0/0	0/0	0/0	0/0	0/0	0/0	0/0	0/0	0/0	0/0	0/0	0/0	1/1	1/1	0/1	1/1	0/0	0/0	0/0	0/0	1/1	0/0	0/0	0/0	0/1	1/1	1/1	0/0	0/1	0/0
NC_041324.1	35581933	0/0	0/0	0/0	0/0	0/0	0/0	0/0	0/0	0/0	0/0	0/0	0/0	0/0	0/0	0/0	0/0	0/0	0/0	0|1	0|1	0/0	0/0	0/0	0/0	0/0	0/0	0|1	0/0	0/0	0/0	0|1	0/0
NC_041324.1	35627103	0/0	0/0	0/0	0/0	0/0	0/0	0/0	0/0	0/0	0/0	0/0	0/0	0/0	0/0	1|1	0|1	0/0	1|1	1|1	1|1	0/0	1|1	0/0	0/0	0/0	0|1	1|1	0|1	1|1	1|1	1|1	1|1
NC_041324.1	37176981	0/0	0/0	0/0	0/0	0/0	0/0	0/0	0/0	0/0	0/0	0/0	0/0	0/0	0/0	0/0	0/0	0/0	0/0	0/0	0/0	0/0	0/1	0/0	0/0	0/0	0/0	0/0	0/0	0/0	0/0	0/1	1/1
NC_041324.1	38892488	0/0	0/0	0/0	0/0	0/0	0/0	0/0	0/0	0/0	0/0	0/0	0/0	0/0	0/0	0/0	0/0	0/1	0/0	0/0	0/0	0/0	0/0	0/0	1/1	1/1	0/0	0/0	0/0	0/0	0/0	0/1	0/1
NC_041324.1	39670138	0/0	0/0	0/0	0/0	0/0	0/1	1/1	0/1	0/1	0/0	0/1	0/0	0/0	0/0	0/0	0/0	0/0	0/0	0/0	0/0	0/0	0/0	0/0	0/0	0/0	0/0	0/0	0/0	0/0	0/0	0/0	0/0
NC_041324.1	40326797	0/1	0/0	0/1	0/0	0/0	0/1	0/0	0/0	0|1	0/0	0|1	0/1	0/0	0/0	0/0	0/0	0|1	0/0	0/0	0/0	0/0	1/1	0/0	1/1	1/1	0/0	0/0	0/1	0/0	0/0	0/0	0/0
NC_041324.1	40374226	0/1	0/1	0/1	0/0	0/0	0/0	0/0	0/0	0/1	0/0	0/0	0/0	0/1	0/0	0/0	0/0	0/0	0/0	0/0	0/0	0/0	0/0	0/0	0/0	0/0	0/0	0/0	0/0	0/0	0/0	0/0	0/0
NC_041324.1	40410134	0/1	0/1	1/1	0/0	0/1	0/0	1/1	0/0	1/1	0/1	0/1	0/1	0/1	0/0	0/0	0/0	0/0	0/0	0/0	0/0	0/0	0/0	0/0	0/0	0/0	0/0	0/0	0/0	0/0	0/0	0/0	0/0
NC_041324.1	40526151	0/0	0/0	0/0	1/1	0/1	1/1	0/0	0/0	0/0	0/0	0/0	0/0	0/1	0/0	0/0	0/0	0/0	0/0	0/0	0/0	0/0	0/0	0/0	0/0	0/0	0/0	0/0	0/0	0/0	0/0	0/0	0/0
NC_041324.1	42648856	0/0	0/0	0/0	0/0	0/0	0/0	0/0	0/0	0/0	0/0	0/0	0/0	0/0	0/0	0/0	0/0	0/0	0/0	0/0	0/0	0/0	0/0	0/0	0|1	1|1	0/0	0/0	0/0	0/0	0/0	0|1	0|1
NC_041324.1	44067159	0/0	0/0	0/0	0/0	0/0	0/0	0/0	0/0	0/0	0/0	0/0	0/0	0/0	0/0	0/0	0/0	0/0	0/1	0/0	0/0	0/0	0/0	0/0	1|1	1|1	0/0	0/0	0/0	0/0	0/0	0/0	0/0
NC_041324.1	44879708	0|1	0|1	0|0	0/0	0/0	0/0	0/0	0/1	0|1	0|1	0/0	0/0	0/0	0/1	0/0	0/0	0/0	0/0	0/0	0/0	0/0	0/0	0/0	0/0	0/0	0/0	0/0	0/0	0/0	0/0	0/0	0/0
NC_041324.1	46705165	0/0	0/0	0/0	0/0	0/0	0/0	0/0	0/0	0/0	0/0	0/0	0/0	0/0	0/0	0/1	1/1	0/0	0/1	0/0	0/0	0/1	0/0	0/0	0/1	1/1	0/0	0/0	1/1	0/1	0/0	0/0	0/1
NC_041324.1	50609463	0|1	0|1	0|1	0|1	0/0	0/0	0/0	0/0	0|1	1|1	0/0	0/0	0/0	0|1	0/0	0/0	0/0	0/0	0/0	0/0	0/0	0/0	0/0	0/0	0/0	0/0	0/0	0/0	0/0	0/0	0/0	0/0
NC_041324.1	54090174	0/0	0/0	0/0	0/0	0/0	0/0	0/0	0/0	0/0	0/0	0/0	0/0	0/0	0/0	0/0	0/0	0/1	0/0	0/0	0/0	0/0	0/0	0|1	1|1	0|1	0/0	0/0	0/0	0/0	0/0	0/0	1|1
NC_041324.1	55605423	0/0	0|1	1|1	0|1	0/0	0/0	0/0	0/0	0/0	1|1	0/0	0|1	0|1	0/1	0/0	0/0	0/0	0/0	0/0	0/0	0/0	0/0	0/0	0/0	0/0	0/0	0/0	0/0	0/0	0/0	0/0	0/0
NC_041324.1	55672392	0/0	0/0	0/0	0/0	0/0	1|1	1|1	1|1	1|1	1|1	0/0	0/0	0/0	1|1	0/0	0/0	0/0	0/0	0/0	0/0	0/0	0/0	0/0	0/0	0/0	0/0	0/0	0/0	0/0	0/0	0/0	0/0
NC_041324.1	55777575	0/0	0|1	0/0	0/0	0/0	0|1	0/0	0|1	0|1	0/0	0|1	0|1	0/1	0/1	0/0	0/0	0/0	0/0	0/0	0/0	0/0	0/0	0/0	0/0	0/0	0/0	0/0	0/0	0/0	0/0	0/0	0/0
NC_041324.1	56186012	0/0	0/0	0/0	0/1	0/0	0/0	0/0	0/0	0/0	0/0	0/0	0/0	0/0	0/0	0/0	0/1	1/1	0/1	1/1	1/1	1/1	0/1	0/1	0/0	0/0	0/1	1/1	1/1	0/0	0/0	0/1	1/1
NC_041325.1	7204297	0/0	0/0	0/0	0/0	0/0	0/0	0/0	0/0	0/0	0/0	0/0	0/0	0/0	0/0	0/0	0/0	0/0	0/1	0/0	0/0	1|1	0/0	0|1	0/1	0/0	0/0	0/0	0/0	0/0	0/0	0/0	0/0
NC_041325.1	14595986	0/1	0/0	0/0	0/0	0/1	0/0	0/0	0/1	0/0	0/0	0/0	0/0	0/1	0/0	0/0	0/0	0/0	0/0	0/0	0/0	0/0	0/0	0/0	0/0	0/0	0/0	0/0	0/0	0/0	0/0	0/0	0/0
NC_041325.1	26257235	1/1	1/1	1/1	0/1	1/1	0/0	0/1	1/1	1/1	1/1	1/1	0/1	1/1	1/1	0/0	0/0	0/0	0/0	0/0	0/0	0/0	0/1	0/0	0/0	0/0	0/0	0/0	0/0	0/0	0/0	0/0	0/0
NC_041325.1	28834686	0/0	0/0	0/0	0/0	0/0	0/0	0/0	0/0	0/0	0/0	0/0	0/0	0/0	0/0	0/1	0/1	0/0	0/1	0/0	0|1	0/0	0/0	0/0	0/0	0/0	0/1	0/0	0/1	0/0	0/0	0/0	0/0
NC_041325.1	28899965	1|1	1|1	0/0	0/0	0/0	0|1	0/0	0/0	0|1	0/0	0/0	0/0	0|1	0/0	1|1	0|1	1|1	0|1	0|1	0|1	1|1	1|1	1|1	1|1	0|1	0|1	1|1	0/0	1|1	1|1	0/0	0/0
NC_041325.1	29741738	0/0	0/0	0/0	0/0	0/0	0/0	0/0	0/0	0/0	0/0	0/0	0/0	0/0	0/0	0/0	1/1	0/0	0/0	0/0	0/0	0/0	0/0	0/0	0/0	0/0	0/1	0/0	0/0	0/0	0/0	0/1	0|1
NC_041325.1	35422622	0/0	0/1	0/0	0/0	0/1	0/0	0/0	0/1	0/1	1/1	0/0	0/1	1/1	1/1	0/0	0/0	0/0	0/0	0/0	0/0	0/0	0/0	0/0	0/0	0/0	0/0	0/0	0/0	0/0	0/0	0/0	0/0
NC_041325.1	40973096	1/1	1/1	1/1	1/1	1|1	0/0	1|1	1/1	1/1	1/1	0/0	0|1	1/1	1/1	0/0	0/0	0/0	0/0	0/0	0/0	0/0	0/0	0/0	0/0	0/0	0/0	0/0	0/0	0/0	0/0	0/0	0/0
NC_041325.1	43429045	0/0	0/0	0/0	0/0	0/0	0/0	0/0	0/0	0/0	0/0	0/0	0/0	0/0	0/0	0/0	0/1	0/0	0/0	0/1	0/1	0/0	0/0	0/0	1/1	0/1	0/0	0/0	0/0	0/0	0/0	0/0	0/0
NC_041325.1	44082744	0/0	0/0	0/0	0/1	0/1	0/1	1/1	1/1	0/1	0/0	0/0	1/1	0/0	0/0	0/0	0/1	0/1	0/0	0/0	0/1	0/1	1/1	1/1	1/1	0/1	0/0	1/1	0/0	0/0	0/0	0/0	0/1
NC_041325.1	45092477	0/0	0/0	0/0	0/0	0/0	0/0	0/0	0/0	0/0	0/0	0/0	0/0	0/0	0/0	0/0	0/0	0/0	0/0	0/1	0/1	0/0	0/0	0/0	0/0	0/1	0/0	0/0	0/1	0/1	0/0	0/0	0/0
NC_041325.1	47968669	0/0	0/0	0/0	0/0	0/0	0/0	0/0	0/0	0/0	0/0	0/0	0/0	0/0	0/0	0/0	0/0	0/0	0|1	0/0	0/0	0/0	0/0	0/0	0/0	1|1	0/0	0|1	0|1	0/0	0/0	0/0	0/0
NC_041325.1	51073445	0/0	0/0	0/0	0/0	0/0	0/0	0/0	0/0	0/0	0/0	0/0	0/0	0/0	0/0	0/0	0/0	0/0	0/0	0/0	0/0	0/0	0/0	0/0	0/1	0/0	0/0	1/1	0/1	0/0	0/0	0/0	0/0
NC_041326.1	4030251	0/0	0/0	0/0	0/0	0/0	0/0	0/0	0/0	0/0	0/0	0/0	0/0	0/0	0/0	0/0	0/0	0/1	0/0	0/1	0/0	0/0	0/0	0/0	0/0	0/0	0/0	0/0	0/0	0/1	0/1	0/0	0/0
NC_041326.1	6064675	0/0	0/0	0/0	0/0	0/0	0/0	0/0	0/0	0/0	0/0	0/0	0/0	0/0	0/0	1|1	0|1	0/1	0|1	1|1	0/0	0/1	0/0	0/0	0|1	0/1	1|1	1|1	0/0	0|1	0|1	0/0	0/1
NC_041326.1	15227912	0/0	0/0	0/0	0/0	0/0	0|1	0/0	0/0	0|1	0/0	0|1	0|1	0/0	0/0	0/0	0|1	1|1	0/0	0/0	0/0	0|1	0/0	0/0	0/0	0/1	0/1	1|1	1|1	0/0	0/1	0/0	0/0
NC_041326.1	15235633	0|1	0|1	0|1	0/0	0/0	0|1	0/0	0/0	0|0	0/0	0/0	0/0	0/0	0/0	0/0	0/0	0/0	0/0	0/0	0/0	0/0	0/0	0/0	0/0	0/0	0/0	0/0	0/0	0/0	0/0	0/0	0/0
NC_041326.1	15716802	0/0	0/0	0/0	0/0	0/0	0/0	0/0	0/0	0/0	0/0	0/0	0/0	0/0	0/0	0/0	0/0	0/0	0/0	0/0	0/0	0/0	0/0	0/0	0/0	0/0	0/1	1|1	0/0	0/0	0/0	0/0	0/1
NC_041326.1	15724878	0/0	0/0	0/0	0/0	0/0	0/0	0/0	0/0	0/0	0/0	0/0	0/0	0/0	0/0	1|1	0|1	0|1	0/0	0/1	1|1	0|1	0|1	0/0	0|1	0|1	1|1	1|1	0|1	0|1	0|1	0|1	1|1
NC_041326.1	17858544	0/0	0/0	0/0	0/0	0/0	0/0	0/0	0/0	0/0	0/0	0/0	0/0	0/0	0/0	0|1	0|1	0/0	1|1	0/0	0/0	0/0	0/0	1|1	0/1	0/1	0/0	0/0	1|1	0/0	0/0	0/0	0/0
NC_041326.1	21881433	0/0	0/0	0/0	0/0	0/0	0/0	0/0	0/0	0/0	0/0	0/0	0/0	0/0	0/0	1|1	1|1	0/0	0|1	0|1	0/0	0/0	0/0	0/0	0/0	0/0	1|1	1|1	0/0	0/0	0/0	1|1	1|1
NC_041326.1	22306462	0/0	0/0	0/0	0/0	0/0	0/0	0/0	0/0	0/0	0/0	0/0	0/0	0/0	0/0	0/0	0/0	0/0	0/0	0/0	0/0	0/0	0/0	0/0	0/0	1|1	0/0	0/0	1|1	0/0	0/0	0/0	0/0
NC_041326.1	33273907	0/0	0/0	0/0	0/0	0/0	0/0	0/0	0/0	0/0	0/0	0/0	0/0	0/0	0/0	0/0	0/0	0/0	0/0	0/0	0/0	0/0	0|1	0|1	1|1	0|1	0/0	0|1	0|1	0/0	0|1	0/0	0/0
NC_041326.1	33842100	0/0	0/0	0/0	0/0	0/0	0/0	0/0	0/0	0/0	0/0	0/0	0/0	0/0	0/0	0/1	1/1	0/0	0/0	0/0	0/1	0/1	0/0	0/0	0/0	0/1	0/0	0/0	0/0	0/0	0/0	0/1	0/0
NC_041326.1	39005811	0/0	0/0	0/0	0/0	0/0	0/0	0/0	0/0	0/0	0/0	0/0	0/0	0/0	0/0	0|1	0|1	0/0	0/0	0/0	0|1	0/0	0/0	0/0	1|1	1|1	0/0	0/0	0/0	0/0	0/0	0|1	0/0
NC_041326.1	45029455	0/0	0/0	0/0	0/0	0/0	0/0	0/0	0/0	0/0	0/0	0/0	0/0	0/0	0/0	0/1	1/1	1/1	1/1	0/1	1/1	0/1	1/1	0/1	1/1	1/1	1/1	0/1	1/1	0/1	0/0	0/1	1/1
NC_041327.1	4591602	0/0	0/0	0/0	0/0	0/0	0/0	0/0	0/0	0/0	0/0	0/0	0/0	0/0	0/0	0/0	0/0	0/1	0/0	0|1	0/0	0/1	0/0	0/1	0/0	0/0	0/1	0/0	0|1	0/0	0/0	0/0	0/0
NC_041327.1	10297705	0/0	0/0	0/0	0/0	0/0	0/0	0/0	0/0	0/0	0/0	0/0	0/0	0/0	0/0	0/1	0/0	0/0	0/0	0/0	0/1	0|1	0/0	0/0	0/0	0/0	0/0	0/0	0/0	0/1	0/1	0/0	0/0
NC_041327.1	22458414	0/1	0/1	1|1	0|1	1|1	0/0	0/0	0/0	0|1	0|1	0/0	0/0	0/0	0/0	0/0	0/0	0/0	0/0	0/0	0/0	0/0	0/0	0/0	0/0	0/0	0/0	0/0	0/0	0/0	0/0	0/0	0/0
NC_041327.1	27592215	0/0	0/0	0/0	0/0	0/0	0/0	0/0	0/0	0/0	0/0	0/0	0/0	0/0	0/0	0/0	1|1	0/0	0|1	0/0	0/1	0/1	0/1	0/0	0/1	1|1	1|1	0|1	1|1	0/0	0/0	0/0	0/1
NC_041327.1	29172586	0/1	1/1	0/1	0/1	0/1	0/0	0/1	0/0	0/0	1/1	0/1	0/1	0/0	0/0	0/0	0/0	0/0	0/0	0/0	0/0	0/0	0/0	0/0	0/0	0/0	0/0	0/0	0/0	0/0	0/0	0/0	0/0
NC_041327.1	29556704	1|1	1|1	1|1	0/1	0/0	0/0	0/0	0/0	0/0	0|1	0/0	0/0	0/0	0|1	0/0	0/0	0/0	0/0	0/0	0/0	0/0	0/0	0/0	0/0	0/0	0/0	0/0	0/0	0/0	0/0	0/0	0/0
NC_041327.1	40828393	0/0	0/0	0/0	0/0	0/0	0/0	0/0	0/0	0/0	0/0	0/0	0/0	0/0	0/0	0/0	0/1	0/1	0/0	0/0	0/0	0/1	0/1	1|1	0/0	0/0	0/0	0/0	0/0	0/0	0/0	0/0	1|1
NC_041327.1	41982118	0/1	0/0	1/1	1/1	0/1	0/0	0/0	0/0	1/1	0/1	0/0	0/0	0/1	0/1	0/0	0/0	0/0	0/0	0/0	0/0	0/0	0/0	0/0	0/0	0/0	0/0	0/0	0/0	0/0	0/0	0/0	0/0
NC_041328.1	878617	0/0	0/0	0/0	0/0	0/0	0/0	0/0	0/0	0/0	0/0	0/0	0/0	0/0	0/0	1|1	1|1	1|1	0|1	0|1	1|1	0|1	0|1	0|1	0/1	0/1	1|1	1|1	1|1	1|1	1|1	1|1	1|1
NC_041328.1	4388197	0/0	0/0	0|1	0|1	0/0	0/0	0/0	0/0	1|1	0|1	0/0	0/0	0/0	0/0	0/0	0/0	0/0	0/0	0/0	0/0	0/0	0/0	0/0	0/0	0/0	0/0	0/0	0/0	0/0	0/0	0/0	0/0
NC_041328.1	6398287	0/0	0/0	0/0	0/0	0/0	0/0	0/0	0/0	0/0	0/0	0/0	0/0	0/0	0/0	1/1	1/1	0/1	0/1	0/1	0/1	0/1	1/1	0/1	1/1	1/1	0/1	0/1	0/1	1/1	1/1	0/1	0/1
NC_041328.1	9392905	0/0	0/0	0/0	0/0	0/0	0/0	0/0	0/0	0/0	0/0	0/0	0/0	0/0	0/0	0/1	0/0	1/1	0/0	0/0	0/1	1/1	0/0	0/0	0/0	0/0	0/0	0/1	0/1	0/0	0/1	0/0	0/0
NC_041328.1	10272814	1/1	1/1	1/1	1/1	0/0	0/0	0/0	0/0	0/0	1/1	0/0	0/0	1/1	0/1	0/0	0/1	0/0	0/1	0/0	0/0	0/0	0/0	0/0	0/0	0/0	0/0	0/0	0/0	0/0	0/0	0/0	0/0
NC_041328.1	10272849	0/0	0/0	0/0	0/0	0/0	0/0	0/0	0/0	0/0	0/0	0/0	0/0	0/0	0/0	0/0	0/1	0/0	0/1	0/0	0/0	0/0	0/1	0/1	0/0	0/0	0/1	0/0	0/0	0/0	0/0	0/0	0/0
NC_041328.1	23916066	0|1	0|1	0|1	0|1	0|1	0|1	0|1	0|1	0|1	0|1	0|1	0|1	0|1	0|1	0|1	0|1	0|1	0|1	0|1	0|1	0|1	0|1	0|1	0|1	0|1	0|1	0|1	0/0	0|1	0|1	0|1	0|1
NC_041328.1	34087176	0/0	0/0	0/0	0/0	0/0	0/0	0/0	0/0	0/0	0/0	0/0	0/0	0/0	0/0	0/0	0/0	0/0	0|1	0/0	0/1	0/0	0/0	0/0	0/0	0/0	0/1	0/1	0/0	0/1	0/0	0/0	0/0
NC_041328.1	36680537	0/1	0/1	0/1	0/0	0|1	0/0	0/0	0/1	0/1	0/1	0/0	0/0	0/0	0/0	0/0	0/0	0/0	0/0	0/0	0/0	0/0	0/0	0/0	0/0	0/0	0/0	0/0	0/0	0/0	0/0	0/0	0/0
NC_041328.1	36730388	0/0	0/0	0/0	0/0	0/0	0/0	0/0	0/0	0/0	0/0	0/0	0/0	0/0	0/0	1/1	1/1	1/1	0/1	1/1	0/1	1/1	0/1	0/0	1/1	1/1	1/1	1/1	1/1	0/1	0/1	1/1	1/1
NC_041328.1	38270954	0/0	0/0	0/0	0/1	0/0	0/0	0/0	0/0	0/0	0/0	0/0	0/0	0/0	0/0	1/1	0/0	1/1	1/1	1/1	0/1	0/1	0/1	1/1	1/1	1/1	1/1	0/1	1/1	0/1	1/1	0/1	0/1
NC_041328.1	38843697	0/0	0/0	0/0	0|1	0/0	0/0	0/0	0/0	0/0	0/0	0/0	0/0	0/0	0/0	0/1	0/0	0/0	0/0	0/0	0/0	0/0	0/0	0/1	0|1	1|1	0/1	0/0	0|1	0/0	0|1	0/0	0/0
NC_041328.1	39043998	0/0	0/0	0/0	0/0	0/0	0/0	0/0	0/0	0/0	0/0	0/0	0/0	0/0	0/0	0/0	0/0	1/1	0/1	0/0	0/1	0/0	0/0	0/0	0/0	0/0	0/1	0/1	0/0	1/1	0/0	0/0	0/0
NC_041328.1	41134680	0/0	0/0	0/0	0/0	0/0	0/0	0/0	0/0	0/0	0/0	0/0	0/0	0/0	0/0	1/1	0/0	0/1	0/1	0/0	0/1	0/1	1/1	0/1	0/1	1/1	0/1	0/0	0/0	0/1	0/1	0/1	0/0
NC_041328.1	41568684	1/1	1/1	1/1	0/1	0/0	0/0	0/0	0/0	0/1	1/1	0/1	0/0	0/0	0/1	0/0	0/0	0/0	0/0	0/0	0/0	0/0	0/0	0/0	0/0	0/0	0/0	0/0	0/0	0/0	0/0	0/0	0/0
NC_041328.1	42448378	0/0	0/0	0/0	0/0	0/0	0/0	0/0	0/0	0/0	0/0	0/0	0/0	0/0	0/0	0/0	0/0	0/0	0/0	1/1	0/1	0/0	0/0	0/0	0/1	0/1	0/0	0/0	1/1	0/0	0/1	0/1	0/1
NC_041328.1	42468119	0/0	0/0	0/0	0/0	0/0	0/0	0/0	0/0	0/0	0/0	0/0	0/0	0/0	0/0	0/0	1/1	0/0	0/1	0/0	0/0	0/0	0/0	0/0	0/0	0/0	0/0	0/0	0/0	0/0	0/1	0/0	0/1
NC_041329.1	129426	0|1	1|1	0/0	0/0	0/0	0/0	0/0	0/0	0/0	0/0	0/0	0/0	0/0	0/0	0|1	1|1	0|1	0/1	1|1	1|1	0/0	0/1	0/1	1|1	1|1	1|1	1|1	0/0	0/0	0|1	1|1	1|1
NC_041329.1	820147	0/0	0/0	0/0	0/0	0/0	0/0	0/0	0/0	0/0	0/0	0/0	0/0	0/0	0/0	0/0	0|1	0/0	1|1	1|1	0|1	0/0	0/0	0|1	0/0	0/0	0/0	0/0	0|1	0/0	0/0	0|1	0/1
NC_041329.1	1342160	0/0	1|1	0|1	0/0	0/0	0/0	0/0	1|1	0/0	0/0	0|1	0/0	0/0	0/0	0/0	0/0	0/0	0/0	0/0	0/0	0/0	0/0	0/0	0/0	0/0	0/0	0/0	0/0	0/0	0/0	0/0	0/0
NC_041329.1	2616295	0/0	0/0	0/0	0/0	0/0	0/0	0/0	0/0	0/0	0/0	0/0	0/0	0/0	0/0	1|1	1|1	0/0	0|1	1|1	0/0	0|1	0/0	0/0	1|1	1|1	0/0	0/0	0|1	0/0	0/0	1|1	0|1
NC_041329.1	5163548	1|1	1|1	1|1	1|1	1|1	0/0	0/0	0/0	0/0	0|1	0/1	0/1	0|1	0/0	0/0	0/0	0/0	0/0	0/0	0/0	0/0	0/0	0/0	0/0	0/0	0/0	0/0	0/0	0/0	0/0	0/0	0/0
NC_041329.1	6827150	0/0	0/0	0/0	0/0	0/0	0/0	0/0	0/0	0/0	0/0	0/0	0/0	0/0	0/0	1/1	1/1	0/1	1/1	1/1	0|1	0/1	0/0	1/1	1/1	1/1	1/1	1/1	0/1	0|1	1|1	1/1	1/1
NC_041329.1	10543458	0/0	0/0	0/0	0/0	0/0	0/0	0/0	0/0	0/0	0/0	0/0	0/0	0/0	0/0	0/0	0/0	0/0	0/0	0/0	0/1	0/0	0/0	0/0	0/0	0/0	0/0	0/0	0/0	1/1	1/1	0/0	0/0
